COVID_Worry,COVID_Too_Much_Time,COVID_Lot_Time,COVID_Afraid,COVID_Irritable,COVID_Guilty,COVID_Sad,COVID_Preoccupied,COVID_Stressed
1,2,2,0,80.85,0,63.1,0,70.56
7,7,7,83.1,57.18,100,100,85.92,100
2,5,6,37.82,68.77,57.88,87.97,73.35,59.03
6,7,6,45.56,85.67,15.19,76.5,89.97,98.85
5,5,5,58.39,78.71,24.84,82.58,67.1,72.58
5,4,5,59.6,49.57,58.17,58.74,59.31,47.56
5,5,5,59.03,65.04,21.49,73.64,89.11,68.48
2,2,5,29.35,100,26.77,31.61,68.71,22.9
5,3,5,61.27,29.58,50.14,69.44,56.62,75.35
3,3,3,61.29,65.16,48.06,53.55,52.58,42.26
2,5,2,0,91.41,0,19.86,60.85,60.85
2,2,2,17.77,38.97,1.15,37.82,41.55,28.37
2,5,5,27.74,100,21.94,8.06,59.68,45.81
7,6,6,87.68,68.48,9.17,93.7,53.87,88.54
4,4,3,35.21,80.28,0,33.94,32.54,57.46
5,6,6,61.32,69.34,40.4,73.35,64.76,77.36
1,1,1,0,100,0,0,22.06,0
1,1,4,5.77,81.13,4.08,75.07,8.03,8.31
3,4,4,69.91,71.06,0,69.34,38.4,57.88
3,3,2,11.29,8.06,27.1,63.23,20,7.74
2,1,2,16.45,4.84,0,10.65,9.03,9.03
2,2,5,10,56.45,35.16,17.42,48.06,14.84
7,7,7,70.7,62.25,81.83,91.97,62.54,100
6,6,7,84.19,80.97,82.26,77.74,78.39,84.84
6,7,7,100,100,66.77,79.68,87.42,100
2,2,2,17.04,19.58,0,18.73,10.85,22.54
4,5,5,39.86,100,18.31,60.7,50,41.41
2,2,3,6.62,13.94,0,8.31,8.73,8.17
3,5,4,50,60.7,40,59.58,29.58,39.72
2,5,5,28.65,78.51,18.34,68.77,58.74,37.54
5,6,5,24.64,71.35,8.02,72.78,81.95,78.22
4,6,6,0,65.63,0,49.72,74.65,70.28
2,3,3,11.29,69.35,0,0.32,97.42,1.61
4,4,5,26.36,81.09,11.46,75.36,71.06,24.64
2,3,4,34.04,80.38,41.5,69.53,46.29,94.74
3,1,1,0,0,0,6.45,14.52,0
2,5,6,17.85,0.01,2.97,72.21,65.71,18.64
5,6,6,60.14,29.01,0,60.56,39.44,81.13
5,5,6,74.52,71.94,25.81,70.65,56.45,100
5,6,6,29.72,100,16.34,38.87,36.34,40.56
5,6,5,100,90.28,80.7,100,71.69,100
4,6,5,76.45,65.81,52.58,35.16,57.42,81.29
5,7,7,39.58,40,0,100,69.72,60.42
2,5,2,37.82,42.98,2.87,16.62,37.82,69.63
1,1,1,3.15,100,1.15,53.01,16.33,18.91
2,3,5,37.42,100,17.74,81.94,26.13,48.71
4,5,5,38.39,100,18.06,73.23,66.45,76.13
4,3,3,48.39,47.74,58.39,48.39,68.06,59.68
6,4,6,70.2,82.23,63.32,100,5.73,100
2,2,5,40.97,0,0,61.29,27.42,28.39
6,5,5,60.46,93.7,27.79,71.63,68.19,71.06
4,2,5,48.71,41.26,61.89,70.77,47.28,54.73
5,3,5,80.23,82.52,0,84.24,30.95,83.67
5,7,6,71.35,37.82,26.36,56.45,72.78,78.8
5,5,5,74.23,32.68,40.85,74.79,64.65,78.31
4,5,5,78.06,34.52,45.48,79.35,85.16,62.58
3,6,5,39.72,73.66,3.38,24.23,10.56,39.72
5,4,5,49.86,0,0,0,0,61.55
3,2,2,58.17,46.9,6.34,36.9,71.69,58.87
2,5,5,8.06,26.77,0,39.35,17.42,17.1
4,5,4,91.41,100,8.73,91.41,80.99,100
5,7,6,70.65,100,0,69.68,10.65,64.52
3,2,3,26.77,18.06,0,13.55,26.45,42.9
3,4,6,55.35,77.75,27.91769949,92.96,50.99,66.76
6,6,7,70.77,75.64,29.23,67.91,73.35,75.93
1,1,1,1.52,100,1.32,1.26,18.04,0.81
5,2,5,29.03,61.29,27.1,36.13,47.74,72.9
5,5,6,58.39,58.39,57.74,69.03,63.87,71.29
1,4,5,23.94,34.65,0,65.35,39.86,64.93
2,2,4,62.46,60.17,61.6,71.63,70.77,71.35
2,6,5,23.23,77.1,0,83.87,26.77,72.58
5,6,7,7.61,60.42,0,30.14,61.27,61.13
3,6,5,36.39,25.79,4.58,83.95,54.15,60.17
6,5,6,73.35,70.49,63.32,79.08,99.71,95.13
5,5,6,29.58,41.13,29.3,72.39,39.3,71.55
2,2,4,35.77,91.27,11.13,89.72,62.68,61.13
5,5,6,59.15,69.58,27.61,70.7,69.72,70.85
3,5,5,49.23924631,61.1306441,26.7404461,63.51162101,56.0151918,65.06226045
3,6,5,37.25,21.49,21.78,60.17,48.14,68.48
2.636090864,2.818220871,3.569195729,18.45,93.38,89.3,22.54,40.28,40.42
6,6,7,78.59,75.49,35.07,95.49,78.59,84.65
6,6,6,31.87,100,61.54,0,49.5,89.47
2,4,2,34.93,62.25,11.97,61.97,61.69,60.7
3,5,6,45.49378967,62.17047494,24.93474234,63.51162101,62.26298809,67.87024325
4.45233195,4.240941302,4.265129991,50.99,90.85,14.51,98.59,46.2,91.97
2,5,5,29.38445891,56.51636728,16.7166762,57.3207487,54.90972278,57.79331551
5,7,5,63.44909895,64.61251362,38.34185144,68.27323984,56.90320094,69.10171991
2,4,2,27.52086992,55.91427365,16.7166762,56.1702629,48.55273525,53.31089281
2.647030259,2.904241795,3.569195729,51.13,40,19.44,80.99,29.3,29.58
3,5,3,39.01,70,49.3,38.45,39.58,80
3,5,5,61.32,78.51,17.48,57.31,17.19,54.15
2,3,4,35.21,45.77,41.13,65.77,46.62,54.08
5,4,5,61.86745333,61.1306441,25.63038113,66.27447995,54.89931964,67.64313294
3,5,4,71.69,64.79,45.77,39.15,66.06,63.38
5,7,5,70.49,73.64,73.93,76.5,35.82,92.84
6,4,7,88.54,77.36,85.1,87.97,38.11,57.88
4,5,6,58.71,100,24.52,67.74,50.32,87.74
2,6,5,26.62,70,24.51,59.44,30.99,21.97
5.041896579,4.365592969,4.955090454,68.31,71.27,75.49,83.94,85.21,71.83
3.023267849,2.818220871,3.569195729,40.28,50.99,19.15,29.15,40.14,40.56
5,4,6,33.55,55.48,0,71.94,24.84,61.29
5,5,5,81.41,39.58,0,60.99,61.55,77.32
5,5,5,63.44909895,62.17047494,28.95877986,68.27323984,56.90320094,69.10171991
3.617391208,4.240941302,3.995910697,39.72,63.38,20,20.14,39.72,50.99
2,2,5,31.22314979,59.47136916,21.69044932,63.51162101,51.61168594,60.17151271
4,6,5,78.87,100,20,91.13,68.73,100
4.525859984,4.365592969,4.955090454,61.86745333,62.17047494,28.95877986,66.27447995,54.89931964,67.64313294
5,3,6,60.34762829,62.17047494,33.14075746,64.77850695,61.20031512,70.18754083
1,1,1,0,100,21.29,10.65,3.87,0
4.321625992,4.240941302,4.074122431,51.12029587,62.17047494,28.27545347,64.77850695,52.50573941,66.65085688
1.87380133,2.252087989,2.500334576,12.82,100,0,21.55,0,0
3.617391208,4.240941302,4.019299687,50.14,61.13,9.58,60.28421914,60.7,50.14
5.683775201,5.62842347,6.171027618,91.27,81.41,64.23,100,90,82.25
5,3,5,71.29,100,78.39,100,67.1,63.55
4,5,5,51.12029587,62.17047494,26.7404461,64.77850695,56.0151918,68.10944385
4.928304503,4.365592969,4.955090454,71.94,97.74,16.77,93.55,70.32,85.48
6,5,6,83.24,84.79,0,100,10.99,90.85
5,5,6,55.63,42.25,38.59,58.17,33.38,60
5,4,7,61.86745333,62.17047494,26.59101338,67.44327314,62.35151367,70.18754083
6,5,6,70.42,40,39.15,81.69,91.13,70.14
5,5,6,60.85,75.77,50.56,83.24,70.99,82.25
3.196734239,2.904241795,3.569195729,41.41,72.96,0,100,31.13,42.25
5,7,7,31.83,100,0,72.25,84.23,69.15
5,7,5,63.44909895,62.17047494,31.57922057,68.27323984,56.90320094,69.10171991
2,2,2,0,100,0,0,0,0
4.525859984,4.365592969,4.90026771,61.86745333,62.17047494,29.99540051,66.27447995,54.89931964,67.64313294
1,2,1,50.28,91.97,19.86,50,61.13,29.58
2.119062107,2.252087989,2.500334576,18.92,70.72,8.71,8.41,30.03,29.58
3,1,2,29.72,60.42,18.59,8.73,0,60.42
4.571275521,4.365592969,4.955090454,60.85,41.41,0,80.85,60.56,70.99
5,6,5,64.58553755,62.17047494,31.14027244,71.04707871,56.90320094,70.36017813
3.258702842,2.904241795,3.569195729,15.49,92.68,0,89.86,61.13,69.72
6,5,5,60.42,0,0,61.55,39.3,72.11
4,4,4,39.15,100,34.93,65.63,61.27,70.85
6,4,6,72.77819093,63.24551087,40.52479721,75.07715826,73.60415273,83.97428912
6,7,6,98.57,89.11,17.77,64.47,76.22,83.38
5,5,7,62.74161148,61.41370674,27.95765756,69.44203302,64.35539497,70.18754083
2,4,6,8.87,71.55,0,70.42,13.8,69.3
5.039223557,4.365592969,4.955090454,70.42,100,19.3,100,80.99,60.28
2.320907725,2.252087989,2.500334576,20.70392395,8.45,40,18.87,61.69,30.14
4.152532123,4.240941302,4.074122431,47.37483924,62.17047494,30.11788123,64.77850695,54.37345363,65.30428738
7,7,7,64.37,100,25.77,71.69,67.75,100
6,7,7,39.3,78.17,69.3,37.75,35.77,71.69
3,2,3,49.72441398,60.97683982,24.77027147,63.51162101,51.35454086,63.60367348
1,1,1,19.15,70.85,0,0,0,0
4,4,4,41.41,100,31.41,100,41.97,46.2
5,2,5,49.86,28.87,29.86,39.15,60.28,60.56
3.345631208,2.818220871,3.569195729,19.3,58.59,0,23.38,29.3,78.03
3,3,6,60.85,94.37,60.28,81.69,60.7,81.83
3,3,6,57.18,8.45,75.49,58.17,88.31,98.59
6,6,6,81.27,67.32,71.27,100,50.42,100
5,6,7,100,100,19.15,100,70.56,100
1,2,3,11.17,82.23,16.05,79.37,58.17,60.46
6,5,5,75.48788002,63.24551087,32.25755493,73.90836507,61.63754078,83.92076803
2,2,2,59.86,61.13,29.01,70.56,50.28,70
5.184136988,4.365592969,4.955090454,82.58,51.29,0,100,15.48,86.45
5,5,7,77.74,67.1,8.39,78.06,59.35,78.06
2,5,5,62.25,18.03,39.72,84.65,90.99,70.14
7,7,6,94.93,60.28,60.14,73.52,72.68,85.92
2,6,5,0,60.85,0,81.41,18.87,9.3
5,5,5,63.44909895,62.17047494,27.28378516,68.27323984,56.90320094,69.10171991
7,6,5,72.82,82.11,10,59.86,50,100
5,5,5,81.55,29.86,70.7,50.14,91.13,71.13
5.076090525,4.365592969,5.190342338,66.06,100,76.2,74.93,77.04,97.32
4,2,3,44.56170342,60.97683982,23.85721575,64.77850695,51.35454086,65.30428738
6,6,6,77.75,66.76,19.58,18.31,71.27,80.85
6,6,6,75.48788002,63.24551087,40.43566536,75.07715826,73.16692695,86.1561669
3,5,6,46.45141292,62.17047494,27.8451461,63.51162101,62.26298809,67.87024325
7,7,7,82.29114097,66.60600403,33.73308711,77.59661371,75.00045436,86.1561669
6,5,7,77.94,69.63,20.06,68.77,68.48,100
1,2,5,19.12669054,35.59706274,11.6456575,36.72978147,40.72793924,38.55232158
3.495154329,2.904241795,3.569195729,62.54,62.25,30.99,62.39,31.97,41.97
3,6,6,44.08,29.3,0,68.45,40.10106712,39.58
5,7,7,63.44909895,62.17047494,33.53399926,69.44203302,64.35539497,70.18754083
2,3,5,31.22314979,61.54324108,20.7773936,63.51162101,51.61168594,60.23024827
3,3,3,64.08,60.28,25.49,68.73,40.56,61.55
4.175823105,4.240941302,4.074122431,60.46,85.67,28.08,80.23,40.11,57.02
7,7,7,67.42,66.13,27.1,62.58,71.94,65.16
2,3,2,27.74,0,0,47.42,43.87,5.81
1,2,2,0.14,0.14,0.14,0,0.14,0
4.8703214,4.365592969,4.955090454,71.06,80.8,1.72,83.95,14.04,73.64
5,7,4,59.65857832,62.17047494,29.87219589,64.77850695,54.50962072,67.64313294
2,2,3,17.1,7.1,42.9,33.87,28.06,20.97
6,3,5,91.61,39.68,27.74,25.48,31.29,24.84
5,2,3,53.74397184,59.93700898,26.54717941,64.77850695,51.35454086,66.65085688
5.287770746,4.365592969,4.955090454,90.54,70.77,81.95,81.09,71.35,71.63
6,6,6,47.54,69.82,10.86,82.4,43.9,58.85
4,4,3,47.37483924,62.17047494,25.46791693,64.77850695,52.50573941,65.30428738
2,2,5,17.42,49.68,37.74,16.45,41.29,48.06
3,3,3,46.45141292,62.17047494,25.46791693,63.51162101,51.35454086,64.06731082
5,5,6,18.06,48.39,59.03,70.32,49.35,59.35
5,4,4,60.17099456,62.17047494,32.6694984,64.77850695,53.39374856,67.64313294
3,2,3,34.51,100,20.14,68.59,30.99,70
5,5,5,69.05,68.77,28.08,88.54,71.92,86.53
4,7,7,71.63,91.69,8.88,84.53,26.65,62.46
3.023267849,2.904241795,3.569195729,40.28,50.56,0,50.28,59.72,40.28
3,5,4,49.72,60.28,24.23,70.56,39.15,60.14
6,5,6,75.48788002,63.24551087,37.02975655,75.07715826,73.16692695,85.03354665
2,1,2,54.29,62.24,1.46,48.46,7.78,1.62
4,3,5,47.37483924,62.17047494,26.7404461,64.77850695,52.86011194,65.30428738
2,2,5,36.62,28.17,15.07,14.23,0,38.03
3,2,3,10,13.1,0,70.99,19.86,11.97
6,6,7,74.21,79.66,73.64,88.54,85.1,84.53
1,2,2,64.93,30.14,0,70.42,19.3,59.01
4.945729399,4.365592969,4.90026771,87.89,80.28,54.93,100,29.86,68.45
2,1,2,19.86,0,0,13.24,0,17.18
4.45233195,4.240941302,4.265129991,50.96,100,0,98.7,68.7,96.87
6,6,7,96.13,76.45,31.29,100,68.39,100
4,6,5,50.85502099,62.17047494,26.1255587,64.77850695,56.0151918,67.64626961
4.25621626,4.240941302,4.047066106,33.38,71.41,9.01,94.08,38.03,71.55
1.970258453,2.252087989,2.500334576,8.45,63.8,0,7.04,54.51,18.17
5,6,7,60.42,100,28.87,80.85,50.28,90.56
1,3,2,18.694625,31.9290652,11.09160597,31.01435492,40.72793924,35.67948167
4.455631111,4.240941302,4.019299687,48.33246248,62.17047494,26.7404461,64.77850695,52.50573941,65.30428738
5,7,7,82.82,89.44,59.44,100,81.55,99.01
5,3,5,65.07,18.87,0.14,0.14,19.44,29.86
5.090164656,4.365592969,5.190342338,89.01,100,81.41,67.32,38.59,100
6,7,7,55.81,19.03,0.32,33.87,21.29,72.9
1.87380133,2.252087989,2.500334576,3.23,24.84,0,3.87,0,1.61
5.688104219,5.62842347,6.171027618,92.54,100,19.72,82.39,73.24,92.39
2,4,3,31.22314979,60.50341024,20.07974813,63.51162101,51.25731341,57.11112323
4.525859984,4.365592969,4.955090454,61.86745333,62.17047494,28.95877986,66.27447995,54.89931964,67.64313294
4,5,6,82.11,85.92,50.56,91.41,80,72.96
3,4,5,28.45,70.56,0,59.72,49.72,28.59
4.53883812,4.365592969,5.04011986,64.08,92.82,0,100,26.06,90.28
1,1,1,0,0,0,0,0,9.15
5,6,5,63.44909895,62.17047494,27.67068922,68.27323984,56.90320094,69.10171991
1,1,1,17.37479789,34.15061076,11.09160597,31.01435492,40.72793924,35.67948167
4,5,4,61.69,100,0,50,50.99,77.18
2.815409185,2.818220871,3.569195729,0,100,0,19.86,19.44,81.41
3,3,5,46.45141292,61.1306441,26.7404461,63.51162101,52.86011194,64.06731082
3,6,5,64.93,66.9,16.48,84.08,31.27,85.35
6,6,7,61.41,63.52,61.97,58.73,60.56,64.79
3,3,3,49.03064245,61.1306441,24.77027147,63.51162101,51.35454086,63.60367348
3,5,4,69.91,37.25,67.05,73.93,66.76,79.08
6,4,3,61.6,100,76.5,98.85,40.97,92.55
6,6,5,75.48788002,63.24551087,40.54929177,73.90836507,61.20031501,81.18531765
4.269795437,4.240941302,4.019299687,64.52,27.74,0.65,70.65,66.13,59.03
2.130844414,2.252087989,2.500334576,22.64,64.47,9.74,59.03,34.67,27.22
5,5,6,63.04,77.65,16.91,67.91,73.93,100
3,6,1,70.97,73.55,48.06,60,49.03,70
4,2,3,70.49,66.48,24.64,61.03,67.05,78.22
2,2,2,27.52086992,54.84087388,15.10597501,56.1702629,47.4015367,53.31089281
2,4,4,0,0,0,38.4,1.72,9.17
5,5,6,64.58553755,62.17047494,34.54994307,72.21587189,64.35539497,71.44599905
4,2,6,60.7,88.59,0,62.25,28.31,79.01
1,1,1,0,80.23,0,17.19,9.17,0
4.477303189,4.240941302,4.180100584,63.94,88.87,1.13,89.01,37.32,79.86
5.287770746,4.365592969,4.90026771,78.51,74.21,0,18.62,85.67,63.9
2.130844414,2.252087989,2.500334576,20.63,88.83,0,9.17,0,8.31
6,5,5,75.48788002,63.24551087,32.54971904,73.90836507,61.63754078,83.92076803
6,3,6,72.77819093,63.24551087,37.02975655,75.07715826,73.60415273,83.97428912
4.8703214,4.365592969,4.90026771,76.45,66.13,44.52,60.97,64.52,72.26
5.098911057,4.365592969,4.90026771,75.21,69.01,75.21,79.86,76.06,76.9
5,6,5,62.4914757,62.17047494,28.34389246,66.27447995,56.90320094,69.10171991
6,3,6,81.94,68.06,56.13,72.58,88.06,100
5,4,5,59.44,60.7,59.58,60.99,60.99,64.23
3.89402092,4.240941302,4.10188885,24.23,100,14.65,50.28,35.63,70.7
3,5,7,46.45141292,62.17047494,30.9224237,63.51162101,62.26298809,67.87024325
1.777780922,2.252087989,2.500334576,0,85.67,0,0,50.43,0
5,6,5,28.65,72.21,22.92,59.03,52.15,100
5.228083246,4.365592969,4.90026771,80.7,52.25,28.73,70.85,70.85,60.56
6,6,6,94.27,82.81,53.87,85.96,100,82.23
4.464282172,4.240941302,4.074122431,60.14,60.42,9.72,81.13,19.3,60.14
1,1,1,0,19.72,8.31,8.31,8.31,8.87
4.53883812,4.365592969,5.121998167,61.13,92.25,82.25,92.54,51.69,90.42
3.067477958,2.818220871,3.569195729,5.49,70.28,8.73,28.73,27.46,60.99
5,3,5,60.56,71.97,0,70.99,60.99,40.14
4.970173267,4.365592969,4.90026771,70.49,63.61,60.46,79.66,29.23,87.39
6.126005192,5.62842347,6.171027618,100,91.6,70.09,100,100,99.57
2.640870654,2.818220871,3.569195729,30.14,70.7,60.7,40.14,40,30.14
5,6,6,72.51671781,99.58,29.3,100,91.83,79.3
3,7,7,18.87,100,0,49.44,19.44,39.72
7,6,7,60,61.97,11.55,86.48,80.7,70.56
6,6,6,83.24,100,38.03,100,82.96,100
4,6,7,47.1,100,0,100,100,100
1,1,1,19.77,18.91,22.35,16.33,23.5,17.19
5.688104219,5.62842347,6.171027618,80.85,81.27,40.14,60.7,79.72,90.85
4.348637762,4.240941302,3.941087953,41.27,70.99,81.55,29.58,60.56,61.41
4.525859984,4.365592969,4.955090454,63.00389194,62.17047494,28.95877986,68.27323984,54.89931964,67.64313294
2,2,5,31.22314979,59.30977513,20.7773936,63.51162101,51.61168594,57.42622682
1,1,1,32.66,93.7,0,7.45,16.33,33.24
4.455631111,4.240941302,4.074122431,48.33246248,61.1306441,26.7404461,64.77850695,52.50573941,65.30428738
6,6,6,75.48788002,63.24551087,41.47236473,75.07715826,73.60415273,86.1561669
4.455631111,4.240941302,4.074122431,49.46890109,62.17047494,25.12974491,64.77850695,52.50573941,64.84065004
5.34681974,4.365592969,4.955090454,69.58,60.85,0,70.56,100,70
3,4,4,21.13,61.41,6.06,18.73,32.68,58.31
4.348637762,4.240941302,4.074122431,50.28,90.7,4.08,55.07,29.86,59.44
5,4,5,63.00389194,62.17047494,27.33898302,68.27323984,54.89931964,67.64313294
5,5,5,9.58,20,0,71.41,19.15,30.99
5,7,6,61.89,63.32,69.05,54.15,42.69,93.7
2,2,2,50.14,38.87,18.31,60.99,29.58,62.82
5.108728989,4.365592969,5.04011986,73.64,78.8,89.4,83.95,69.63,89.68
3,5,5,0.14,81.27,17.04,73.1,70.85,59.86
3,4,3,46.45141292,62.17047494,26.53700541,63.51162101,52.50573941,61.00692135
4.039262661,4.240941302,4.074122431,45.49,64.79,64.79,57.04,57.75,56.34
5,5,5,82.11,81.13,0.56,80.85,62.82,77.32
3,2,5,28.87,70.14,0,71.97,29.44,8.45
3.918042996,4.240941302,4.10188885,19.01,60.99,39.15,60.14,91.41,71.13
4.09515358,4.240941302,4.10188885,21.83,56.06,31.83,56.2,80.56,74.65
5,6,6,64.58553755,62.17047494,28.24658678,72.21587189,64.35539497,71.44599905
5,6,6,72.39,67.89,0.28,80.85,6.34,91.27
3,3,3,39.3,80.99,50.7,38.17,0,37.61
5.267630947,4.365592969,4.90026771,69.58,79.44,92.96,92.54,82.54,80
3,5,3,15.07,25.07,4.37,34.08,17.46,9.72
6,5,6,27.61,89.86,12.82,77.46,88.31,74.23
6,5,7,75.48788002,63.24551087,32.90845698,75.07715826,73.60415273,85.03354665
5,3,5,66.76,44.79,6.34,37.89,38.87,48.03
5.011256433,4.365592969,5.190342338,60.7,100,80.99,100,80.99,91.83
6,4,4,64.51,62.17047494,28.93827633,71.04707871,52.96,74.65
4,2,4,60.85,63.52,0,77.61,56.06,62.54
4.581816894,4.365592969,4.90026771,66.34,34.93,18.87,34.23,18.87,60.42
5,5,5,60,82.82,39.15,54.79,62.11,59.58
2,2,2,60.7,38.59,60.14,70.56,60.14,69.3
7,7,7,82.29114097,66.60600403,39.15512502,77.59661371,75.00045436,86.1561669
5,3,5,89.68,48.42,28.65,67.91,19.2,70.2
4.455631111,4.240941302,4.074122431,48.33246248,62.17047494,26.7404461,64.77850695,52.50573941,65.30428738
4.8703214,4.365592969,4.955090454,70.82,100,40.39,71.52,49.97,71.1
5,5,5,63.44909895,62.17047494,28.95877986,68.27323984,56.90320094,69.10171991
5,5,7,63.66,66.34,32.82,70.14,72.54,77.75
3.836561393,4.240941302,4.019299687,80.7,68.03,62.39,59.15,39.01,48.45
5,4,5,61.86745333,61.1306441,25.63038113,66.27447995,54.89931964,67.64313294
3,7,7,49.20168867,61.1306441,28.62064277,63.51162101,62.26298809,68.49242683
4,3,4,70.85,29.72,10.7,100,60.28,39.58
5,6,5,63.44909895,62.17047494,26.18471825,68.27323984,56.90320094,69.10171991
2,5,6,26.13,86.77,2.9,100,90,80.97
1,2,2,60.28,71.55,9.15,62.39,19.3,40.56
5,6,6,64.58553755,66.76,38.68,72.21587189,64.35539497,71.44599905
5.37979875,4.365592969,4.955090454,92.26,89.03,0,100,89.03,78.06
2,3,2,39.01,62.11,19.01,60.7,39.3,39.72
6,6,6,60.14,90.56,30.14,99.3,90.85,89.3
6,5,7,60.56,71.13,19.58,82.25,50,71.41
3.418049256,2.818220871,3.569195729,71.13,60.85,18.73,39.72,50.99,39.3
3,4,3,29.86,44.37,70.42,61.27,64.79,54.65
3.258702842,2.904241795,3.569195729,13.86,8.5,9.61,52.91,51.97,76.69
3,5,5,49.03064245,62.17047494,23.28731715,63.51162101,56.0151918,65.06226045
5.184136988,4.365592969,4.90026771,79.72,26.76,18.59,83.1,30,81.13
2,2,2,8.31,54.51,0,100,61.69,31.13
4.517166042,4.365592969,4.955090454,50.99,100,18.87,92.11,39.86,81.97
5,6,6,89.86,78.17,44.25061634,98.59,86.9,88.31
2,1,1,10.56,0,6.06,69.58,8.17,12.82
5,6,6,70.14,91.41,49.58,80.85,70.28,80.42
6,6,6,70.42,91.55,49.58,81.41,70.7,90.7
1,1,1,15.83365448,31.9290652,9.07668643,31.01435492,40.72793924,35.67948167
5,3,5,61.48406689,62.17047494,29.90947028,64.77850695,53.74812109,67.64313294
5,2,6,40.85,40.14,9.44,50.42,70.7,29.72
4,4,4,60.85,60.56,27.11023292,60.7,51.84552102,60.7
4,3,4,60.56,25.07,29.58,65.21,70.14,65.35
4,2,5,30,0,0,51.82235531,71.13,58.40530947
6,6,6,50.99,100,0.14,100,50.99,100
4.85262971,4.365592969,4.955090454,65.92,75.21,8.59,73.94,78.45,69.01
5,2,5,39.3,81.55,28.87,59.86,19.44,58.31
4.225253923,4.240941302,3.941087953,33.1,33.66,0,27.18,80.85,58.45
6,7,6,62.54,35.21,64.93,90.7,55.35,76.2
4.455631111,4.240941302,4.074122431,49.46890109,62.17047494,26.7404461,64.77850695,52.50573941,64.84065004
2,5,4,29.65,100,8.6,91.55,60.22,29.49
4,4,3,60.85,62.96,30,49.01,63.8,65.92
5,4,5,79.72,80.28,19.44,100,61.69,81.69
4.474004028,4.240941302,4.180100584,66.76,99.86,7.75,81.69,60.85,88.31
3,3,4,36.05,48.81,8.5,22.11,39.8,59.69
5,2,3,53.74397184,59.93700898,26.24362543,64.77850695,51.35454086,66.65085688
3,2,2,63.38,51.97,0,36.76,51.83,60
4.455631111,4.240941302,4.074122431,48.33246248,62.17047494,25.12974491,64.77850695,52.50573941,65.30428738
4,6,4,49.97,49.83,18.99,29.55,49.69,39.83
5,5,6,63.44909895,62.17047494,30.75077574,69.44203302,64.35539497,70.18754083
3,4,4,49.03064245,61.1306441,24.89801834,63.51162101,52.50573941,63.60367348
4,4,4,49.46890109,62.17047494,23.28731715,64.77850695,52.50573941,64.84065004
4,3,5,49.44,77.04,0,65.63,71.97,70
4,4,4,8.45,76.9,9.3,6.9,16.9,80.14
5,6,6,70.28,82.68,40.28,18.17,28.59,70.99
3,3,3,70.56,80.99,0,81.13,36.76,72.82
5,3,5,39.15,72.82,7.04,81.41,7.61,78.03
3,4,5,37.75,59.58,0,50.99,61.27,59.86
4.517166042,4.365592969,5.190342338,55.35,72.54,29.86,78.73,44.79,95.35
5,6,7,28.03,60.7,38.73,59.86,100,58.87
5,5,5,70.38,40.62,80.54,29.9,41.89,80.82
4,5,6,49.46890109,62.17047494,25.24714729,64.77850695,62.26298809,69.72940339
3,3,4,46.45141292,62.17047494,24.89801834,63.51162101,51.35454086,64.06731082
5.78028109,5.62842347,6.171027618,81.83,80.56,0,70,71.13,91.83
6,4,3,68.29401099,62.17047494,29.17574371,72.53092474,53.39374856,70.92234601
3,3,4,31.41,59.15,0,49.15,0,5.77
6,7,7,77.91,94.26,20.66,72.45,87.66,70.16
2,7,7,0,100,0,71.97,0,60.85
2,2,2,21.13,91.41,74.08,37.61,30,67.04
4,3,5,27.01,63.83,25.49,100,36.19,60.32
6,6,6,70.7,60,70.7,70.99,91.41,80.99
4.525859984,4.365592969,4.955090454,61.86745333,62.17047494,27.1163521,66.27447995,54.89931964,67.64313294
4.525859984,4.365592969,4.955090454,61.86745333,62.17047494,31.75189804,66.27447995,54.89931964,67.64313294
3,1,2,0,29.3,27.61,70.56,65.63,71.13
3,5,5,45.49378967,62.17047494,26.7404461,63.51162101,56.0151918,62.46550832
5,6,5,65.49,63.66,0,56.48,59.72,90.42
5,6,5,30.13,72.59,9.73,56.51,59.51,34.45
3,5,3,57.88,58.34,0,79.21,17.09,77.73
1,1,1,15.83365448,31.9290652,9.07668643,31.01435492,40.72793924,35.67948167
4.525859984,4.365592969,4.90026771,61.86745333,62.17047494,27.89332014,66.27447995,54.89931964,67.64313294
5.688104219,5.62842347,6.171027618,84.37,62.96,70.7,100,81.13,100
3,5,6,35.95,64.25,25.73,90.16,63.89,56.73
3,4,4,30.14,61.13,0,52.68,49.3,60
5,5,5,77.74,100,58.71,100,49.03,64.84
2,4,6,46.76,54.93,24.08,62.11,74.08,84.23
3,2,5,47.27198718,60.97683982,24.89801834,63.51162101,52.86011194,64.06731082
1.970258453,2.252087989,2.500334576,9.3,0,0,9.3,8.87,24.79
6,7,7,62.58,79.68,66.77,68.06,100,89.35
3,5,5,69.68,61.94,72.26,84.19,93.87,76.13
4.308319829,4.240941302,4.10188885,30.99,34.93,29.01,90.99,70.28,68.17
2,6,2,25.68217905,50.50157896,16.7166762,50.03856811,51.61747251,55.91752847
5,5,5,64.58553755,62.17047494,32.68435123,71.04707871,56.90320094,70.36017813
5,5,7,71.13,8.73,29.3,80.28,100,81.83
1,2,2,17.22730509,34.68190117,11.09160597,31.01435492,40.72793924,35.67948167
2,5,3,0,4.51,0,2.39,14.19519703,5.07
3,2,2,39.63487077,59.93700898,21.63920503,63.51162101,51.35454086,64.06731082
4.455631111,4.240941302,4.180100584,58.17,38.4,38.4,52.44,18.62,68.77
6,5,5,59.68,38.71,78.71,100,100,79.35
4,2,2,38.68,68.77,51,69.34,37.25,69.34
6,6,6,88.26,79.82,74.55,76.24,77.76,67.94
4,3,3,59.72,79.01,19.58,67.04,17.32,78.73
5,6,5,33.1,67.04,64.08,74.51,100,100
3,2,4,59.03,2.58,0,3.55,23.23,11.94
5,7,7,60,60.99,39.44,71.55,91.55,70.85
6,6,6,75.48788002,63.24551087,31.58031513,75.07715826,73.60415273,86.1561669
4.571275521,4.365592969,4.955090454,59.72,71.69,29.3,90.7,59.58,70.99
7,7,7,82.29114097,66.60600403,42.84537782,77.59661371,75.00045436,86.1561669
6,5,4,70.99,100,4.23,100,77.75,100
7,7,7,82.29114097,66.60600403,34.62406036,77.59661371,75.00045436,86.1561669
3,2,5,83.87,16.13,6.45,63.23,23.87,68.06
4,5,5,72.49,72.21,28.94,90.54,88.25,70.77
3,3,3,46.45141292,62.17047494,24.77027147,63.51162101,51.35454086,61.00692135
3,5,6,49.03064245,62.17047494,27.8451461,63.51162101,62.26298809,68.49242683
5.184136988,4.365592969,4.955090454,80.65,30.65,32.9,70,59.68,86.77
5,5,5,63.44909895,62.17047494,28.95877986,68.27323984,56.90320094,69.10171991
6,2,6,80.3,68.86,75.12,79,76.56,100
5.688104219,5.349066568,5.34804452,95.77,53.38,71.27,100,81.41,100
4.525859984,4.365592969,4.90026771,63.00389194,62.17047494,29.51311698,68.27323984,54.89931964,67.64313294
4.455631111,4.240941302,4.10188885,39.58,9.15,18.73,60.42,30.14,70.85
2,2,2,14.53,78.79,35.85,63.54,76.51,83.13
5.098911057,4.365592969,4.955090454,71.41,67.39640204,82.39,91.69,80.14,70.42
3,3,3,46.45141292,62.17047494,24.77027147,63.51162101,51.35454086,61.00692135
3,3,5,58.45,88.83,0,73.64,79.08,78.8
4.525859984,4.365592969,4.955090454,60.90983009,62.17047494,27.1163521,64.77850695,54.89931964,67.64313294
5.49924453,4.365592969,5.190342338,73.8,96.76,46.2,99.44,92.39,100
7,7,7,81.29,100,9.03,100,82.9,88.71
6,6,6,36.68,100,10.03,76.79,65.62,85.1
5,4,5,78.09,27.29,61.28,71.17,69.09,77.32
4,5,3,71.37,57.65,100,100,92.16,89.41
5,6,6,48.71,63.32,37.82,35.24,87.97,72.49
7,6,6,95.16,96.45,100,90,100,100
2,2,2,19.3,47.90063348,19.15,71.13,28.73,19.44
4,6,7,38.65,100,0,80.68,61.95,87.65
7,3,6,64.84,63.87,75.16,91.61,82.58,99.03
3,4,3,17.97,0,49.04,79.21,0,37.63
5,3,3,86.34,86.76,0,23.94,86.34,100
5,5,5,71.55,71.69,9.58,72.11,73.8,66.34
6,6,6,100,100,30.65,100,58.39,100
2,2,4,3.66,65.35,0,75.77,50.28,62.82
7,3,3,82.26,62.49,0,91.64,60.81,69.16
5,5,6,55.81,17.42,3.55,55.81,18.39,77.74
7,7,7,100,100,0,100,30.09,100
5,2,4,50.72,44.7,30.09,37.25,38.68,69.05
5,5,5,38.06,67.42,8.06,25.81,58.39,67.74
4,3,3,71.13,60.99,39.86,49.86,60.28,70.85
3,2,2,8.31,70.99,0,0,29.72,40.28
5,4,6,34.37,69.15,19.86,61.13,72.11,70.99
3,5,5,30,68.06,2.26,58.39,69.35,85.16
6,6,6,59.1400162,60.21883837,23.8797349,60,59.37398553,60.7
3,1,1,13.23,98.39,2.58,9.03,32.26,100
1,5,3,34.52,63.55,0.32,28.71,68.71,40.65
1,2,3,29.58,60.99,0,50.42,20.14,18.87
6,4,3,60.17,8.02,0,39.83,50.43,12.89
3,3,6,50.99,39.72,8.87,71.27,50.42,50.42
5,4,6,93.7,96.28,38.4,100,60.74,93.7
3,4,5,41.19,12.88,8.98,62.2,58.98,56.27
5,5,6,37.42,64.19,25.48,63.87,39.68,70.65
2,2,3,18.99,16.72,0,7.79,19.16,30.03
4,3,5,39.58,65.77,49.58,55.77,59.86,66.62
4,5,5,44.84,90.32,30.97,77.74,82.26,82.58
5,6,5,76.48,59.86,0,71.13,55.49,70.42
5,5,5,59.03,57.59,26.65,38.97,79.37,69.63
5,5,5,56.34,60.28,49.3,40.42,60.7,81.69
1,2,1,0,0.32,0.32,25.81,5.48,2.26
6,7,6,70,100,28.87,70.7,72.25,100
5,5,5,63.52,58.59,0,67.61,55.35,70.85
2,2,2,25.79,69.34,3.44,100,100,72.21
3,3,3,70.56,60.56,49.86,75.49,50.7,60.28
5,5,3,39.15,32.68,0.7,19.86,69.86,80.99
6,6,6,100,95.42,83.67,82.23,84.81,100
2,2,2,9.44,0,7.75,19.3,9.01,8.17
3,4,3,26.33,78.31,7.46,49.04,58.98,38.76
5,6,5,40.42,70.85,8.59,70.56,54.93,65.77
5,5,5,18.87,0,9.15,28.73,60.28,84.93
3,3,5,40.44,11.39,0,48.2,2.52,47.98
3,5,5,6.72,27.28,38.05,48.4,58.65,59.11
5,6,6,68.48,81.09,0,65.33,21.78,69.34
1,1,1,14,40,5.03,13.75,20.14,22.32
7,5,7,76.87,95.77,39.63,87.73,75.18,87.45
5,4,5,87.46,71.41,86.06,62.25,59.44,67.89
2,2,5,61.6,60.17,12.03,79.08,67.34,73.35
3,5,3,40,29.3,29.15,61.27,61.55,61.83
5,3,5,68.71,78.39,10.97,60.32,66.13,100
3,3,3,54.93,70.7,28.86300338,79.01,52.39,67.6646146
1,1,1,6.48,0,0,0,0,18.87
5,4,6,60.99,18.87,70.28,50.99,70.56,50.99
2,4,2,19.72,81.83,9.01,13.8,47.18,60.42
6,6,6,100,64.19,44.19,100,83.87,99.35
6,6,7,60.32,4.84,92.26,70,62.58,78.71
1,1,1,11.29,100,9.35,34.84,10.32,18.39
2,2,2,39.35,86.77,0,78.71,17.42,76.13
6,6,7,72.9,77.74,42.9,89.03,81.61,77.42
3,3,3,32.96,63.38,17.89,63.8,39.44,80.7
3,3,3,36.04,65.54,49.51,58.66,40.16,42.08
6,6,6,51.29,0,0,80.65,100,81.94
5,5,6,58.71,30.32,0,60,70.65,67.42
5,7,6,91.41,18.17,61.41,71.83,94.23,82.82
4,2,2,30.32,87.42,1.94,60,58.06,41.61
6,4,6,73.24,71.69,9.58,71.27,71.69,70.85
5,4,5,67.1,70,44.52,58.39,58.06,59.35
5,5,2,9.72,95.49,3.52,81.27,60.56,60.42
6,6,7,100,74.51,76.47,74.12,85.49,100
3,3,3,40.42,72.25,0.14,79.01,24.37,61.55
3,2,2,38.45,71.55,0,60.99,34.65,76.2
5,3,7,77.83,58.84,39.05,89.02,79.74,78.96
6,6,6,80,38.06,18.71,70,19.35,100
5,4,5,68.39,100,38.06,19.35,67.1,78.06
3,5,5,28.39,59.35,59.35,30.65,60.97,57.42
5,3,5,60.56,100,0,29.15,19.72,70.42
6,4,6,37.42,95.81,15.48,69.03,77.74,100
7,7,7,91.27,83.7,72.83,100,52.16,100
5,5,5,77.94,67.62,11.17,100,47.28,100
5,6,6,48.71,61.1306441,0,49.68,60.66966796,68.71
5,4,5,77.75,50,8.17,42.96,71.55,80.56
6,4,6,62.46,59.6,63.04,84.24,65.33,81.95
7,7,7,100,100,82.25,100,100,100
2,5,5,18.45,0,9.44,7.89,30.99,9.44
5,7,5,66.06,55.92,22.96,19.3,0,64.37
5,7,5,70.22,100,40.06,100,79.81,88.72
5,3,5,25.5,8.6,9.74,77.08,49.28,49.28
6,6,5,83.67,72.78,22.64,100,81.38,100
7,5,7,100,100,0.86,81.09,100,100
2,1,1,1.03,18.54,0,0.36,0,5.46
1,1,1,5.07,81.69,1.69,20.85,50.56,1.55
3,2,3,18.14,100,0,73.22,25.93,74.75
2,2,3,44.08,60,0.85,59.58,28.87,31.97
3,3,5,30.42,40.28,18.87,40.56,81.83,71.55
5,6,6,58.39,36.13,27.1,100,15.81,77.1
2,2,4,0,1.83,0,39.72,41.41,43.1
5,1,6,55.21,19.01,0,29.44,50,39.58
6,7,7,80.8,49,0,67.34,83.67,92.84
7,7,7,76.34,69.44,9.3,50.99,59.44,77.61
1,1,2,0.28,59.86,1.27,1.55,3.38,2.39
5,4,4,50.65,67.42,50,67.42,67.74,81.29
2,2,2,20.14,18.03,59.15,12.11,40.42,35.21
5,5,4,20.28,71.55,0.14,81.69,18.17,100
2,3,5,19.44,19.3,9.718599139,31.01435492,20,30.99
5,5,5,81.27,92.96,0.14,91.27,81.27,80.14
3,3,6,60.99,59.01,17.18,85.63,89.72,96.62
2,2,2,56.77,56.13,1.29,77.74,25.48,53.55
6,6,7,29.44,92.25,80.56,90.99,81.13,91.97
1,2,5,9.15,11.69,0,54.93,55.77,12.25
5,2,2,61.27,29.01,9.15,80.28,20.42,71.41
4,2,2,45.77,45.77,0,44.08,19.44,29.15
5,5,5,71.13,61.83,50.99,70.56,92.82,91.27
7,5,7,70.42,90.99,39.3,90.99,70.14,80.42
5,5,5,60.7,77.04,7.61,38.87,49.58,79.86
6,2,5,58.45,79.08,27.51,69.63,58.74,81.09
5,4,5,58.06,59.35,41.29,83.23,72.9,85.81
1,1,4,3.24,0,0,50,19.01,3.1
3,5,4,60.56,100,0.7,91.83,50.99,70.42
1,1,1,0,49.35,0.97,62.26,0,0
6,6,6,89.03,60.97,50.65,96.77,79.03,91.29
3,4,2,34.52,18.06,13.87,63.55,28.06,45.48
3,2,5,19.58,100,19.58,50.14,29.58,75.77
5,6,7,34.79,69.01,28.73,24.37,96.34,74.37
6,5,6,76.22,77.65,8.02,74.5,80.52,97.71
3,4,5,59.6,89.68,18.91,53.01,63.61,59.31
5,4,5,78.39,28.06,22.26,81.29,33.87,80.65
5,3,4,60.56,60.7,60.7,60.85,50.99,60.56
5,5,5,70.85,29.44,29.3,70.99,60,81.69
5,7,7,91.69,100,0,80.56,100,80.99
5,4,5,54.15,50.43,18.05,59.89,70.2,70.2
2,2,2,18.16,0.23,0,8.28,9.35,8.96
4,5,5,30.14,20,39.58,85.92,90.42,76.06
6,5,7,86.34,96.06,22.96,93.94,63.52,76.2
4,2,2,32.56,38.16,0,57.27,37.75,59.82
5,4,2,58.17,39.26,0,2.58,69.05,73.93
2,2,3,23.87,38.71,18.06,13.55,38.71,8.39
5,3,6,61,39.02,29.29,70.72,60.56,61.36
3,2,1,32.38,0,0,70.77,36.1,81.09
5,5,5,68.17,83.66,19.01,97.46,50,85.63
2,5,2,7.1,78.06,0,79.68,47.74,28.71
2,2,2,29.58,80.56,0,70.42,71.41,80.85
4,2,5,70.56,50.85,29.72,40.56,50.99,71.41
7,6,6,92.9,79.35,51.61,88.71,80.97,100
3,2,2,34.52,69.68,17.42,61.29,69.68,54.84
4,1,3,55.16,83.5,0,18.52,0.61,83.56
2,5,5,20.14,64.51,29.72,100,85.92,100
4,5,6,70.2,49.86,27.79,71.06,63.04,86.53
2,2,3,42.25,10.7,7.32,29.15,98.31,23.1
6,5,6,100,64.79,28.59,96.06,70.14,90.99
6,7,7,81.29,77.74,37.42,100,79.03,80
1,1,1,10.32,0,0,7.74,0,2.58
5,5,4,81.66,68.48,39.83,79.66,58.17,68.48
5,6,6,77.83,24.32,0,100,89.01,100
2,5,5,39.03,60.32,17.42,33.87,64.19,60
6,5,5,69.63,67.91,81.38,60.46,64.76,74.34321903
3,2,1,48.06,84.52,19.03,61.29,69.03,63.23
6,4,5,38.87,9.58,19.44,30.28,51.13,61.27
4,4,6,58.45,70.14,16.76,69.72,52.96,70.42
5,3,2,24.08,5.21,18.87,50.42,21.27,25.49
5,6,7,60.14,14.51,30,86.06,100,66.06
6,2,5,11.29,61.94,0.97,42.9,22.9,77.42
4,4,3,20.63,83.67,6.3,30.66,38.68,25.79
5,6,5,6.3,77.65,5.16,78.22,2.58,70.2
1,2,3,0,7.16,8.88,21.2,44.7,8.31
5,2,2,50.28,28.73,60.14,18.59,28.59,39.3
1,1,1,14.65,100,23.8,100,68.17,22.82
5,4,7,50.42,61.69,80.99,60,83.24,72.11
4,5,5,27.42,28.71,0.65,49.7528224,43.55,49.41016013
3,2,5,30.56,19.3,9.15,29.72,9.15,40.56
5,2,3,9.01,66.06,18.59,70.85,100,100
4,5,5,60.28,75.92,60.85,65.77,81.27,75.77
5,5,4,60.74,66.48,49.28,66.98629651,2.87,79.08
3,6,5,52.9,100,67.1,62.9,33.55,73.55
5,4,5,60.42,81.55,30.28,71.27,54.89931964,71.55
5,6,5,2.01,89.4,11.75,88.83,59.03,60.74
6,4,6,25.76,55.42,0,53.73,57.8,41.19
5,5,5,57.42,0,0,78.71,1.29,100
6,6,6,90.7,15.77,100,83.24,88.03,96.9
6,6,6,69.68,70.65,26.77,69.03,68.71,79.03
3,5,4,16.2,50.56,0,60.85,0,30.14
5,4,3,60.56,70.7,8.87,39.44,49.72,60.7
5,4,6,76.2,30.14,80.42,100,71.27,81.41
4,4,4,14.33,72.78,23.78,70.49,32.95,63.32
6,5,7,78.17,44.65,8.59,84.93,34.51,71.69
2,2,2,0,5.81,19.03,0,2.26,11.61
1,2,1,18.87,50.56,0,39.72,8.59,29.01
3,5,4,50.56,28.59,0,70.7,90.99,29.72
3,1,3,50.99,74.65,9.86,60.7,91.55,65.07
3,4,3,35.24,29.8,53.58,100,12.61,77.65
5,5,5,62.25,71.69,51.55,65.35,53.1,69.58
6,4,7,70.7,90.85,71.13,81.27,75.49,91.69
1,3,2,29.86,100,0,0,40.14,40
1,1,1,0,0,0,0,0,0
3,5,2,20,39.44,0,40,44.37,54.79
6,7,7,82.52,77.94,68.48,100,93.41,100
4,3,3,32.82,71.83,57.89,65.63,55.92,88.17
3,3,3,63.85,38.92,8.89,61.22,26.82,71.14
2,2,2,54.96,60.39,17.65,91.73,24.13,87.01
5,4,5,76.34,80.85,64.51,90.28,30.99,77.61
2,2,2,20.32,100,16.13,43.55,79.35,69.68
1,2,5,8.17,70.42,0,50.99,18.03,18.87
1,2,2,59.08,100,0,58.75,55.21,62.54
1,1,1,50.99,50.99,0,60.7,0,50.99
1,1,1,4.51,100,0,51.13,0,13.8
4,4,4,70.7,29.44,70.42,70.7,68.73,75.92
5,5,5,34.23,59.27862582,0,61.13,52.54,55.77
7,4,5,71.41,59.15,25.07,49.15,60,70.85
2,2,3,39.3,29.15,18.87,60.42,39.72,55.35
2,2,2,64.65,57.04,0,59.72,53.52,60
5,4,4,61.45,48.36,31.54,60.78,41.77,39.66
2,2,5,9.15,71.27,29.86,4.08,9.01,19.15
3,5,5,71.86,72.79,38.1,72.98,57.76,86.98
6,7,7,100,63.11,100,100,100,100
5,5,5,37.42,38.71,1.94,79.03,78.39,68.71
6,5,5,91.69,65.92,10,73.94,95.07,100
7,7,7,80.97,80.32,8.06,34.52,100,100
3,3,6,56.2,78.17,2.82,65.92,24.37,53.52
5,5,5,78.22,77.89,25.03,100,77.89,81.72
6,7,6,93.66,18.73,70.99,50,94.79,69.15
5,5,5,70.85,71.69,0,90.42,50.28,100
3,3,5,54.93,65.49,34.79,65.49,49.01,70.42
2,2,5,11.29,0,0.32,9.35,6.77,4.84
2,1,2,7.74,37.42,0,8.71,47.74,28.39
2,3,5,30.42,91.69,19.58,61.27,39.86,29.86
3,3,2,24.37,9.3,0,76.06,50,86.2
4,5,6,17.1,88.71,0,0,16.45,30.32
5,3,3,65.77,61.97,0,56.34,60.99,60.28
5,4,5,45.21,66.48,45.49,66.2,66.76,65.92
5,5,6,63.87,73.23,6.13,80,81.29,100
1,1,1,0,37.43050787,0,30.26311089,21.97,33.16383067
6,6,6,81.27,75.71012452,33.59704256,71.69,77.04182361,100
5,5,4,49.72,80.7,6.62,59.15,65.07,79.72
5,5,5,72.78,85.96,7.45,87.39,47.56,72.78
4,4,4,58.74,88.54,44.99,57.31,50.72,65.9
3,4,3,30.7,40.85,0.14,83.8,70.56,40.56
2,2,3,19.58,0,0,19.44,60.42,29.44
5,3,5,70.48,61.46,0,76.14,61.35,92.11
5,5,5,40.99,91.83,62.25,82.11,81.55,100
4,5,5,71.13,81.83,29.44,82.25,61.55,91.13
5,2,6,23.66,34.23,50.56,33.66,86.2,65.21
3,2,2,21.41,5.21,0,7.61,70.56,65.35
2,5,6,0,69.44,0,87.61,61.41,75.07
5,3,5,64.93,59.15,8.87,74.65,54.51,60.28
5,2,6,69.69,100,100,100,81.24,100
5,6,7,56.34,50.99,19.58,58.87,66.2,55.63
3,5,5,45.63,83.8,0,92.82,81.27,71.27
2,2,4,44.84,18.71,18.71,74.52,34.84,22.26
6,2,5,83.52,65.63,26.48,66.62,68.87,82.82
2,2,2,28.73,60.7,0.14,39.15,0.14,29.01
4,3,5,23.66,9.15,0,19.3,40.85,63.38
2,2,2,13.52,0,0,30,45.49,38.73
5,6,7,76.34,93.52,0,94.65,91.97,100
2,2,2,0,0,0,10.14,0,0
2,2,2,0,0,0,2.58,0,0
3,5,5,39.95,70.52,90.23,34.04,60.66,74.6
7,7,7,80.99,19.58,19.3,80.28,50.99,100
6,2,7,46.7,10.32,36.96,28.08,97.13,95.7
2,2,6,60.99,100,61.13,90.85,50.14,60.42
1,1,1,9.58,18.73,0.14,9.15,42.11,29.15
5,3,3,89.15,69.58,32.2510657,81.27,80.28,75.49
7,7,7,96.34,63.38,19.15,88.45,70.14,87.89
3,2,2,60.85,80.99,24.51,71.55,52.24255001,61.27
3,3,3,61.13,70.42,9.01,70.99,30.56,81.27
2,2,3,21.27,82.54,8.03,91.13,26.06,39.3
6,6,6,91.69,87.68,38.68,94.27,76.5,100
6,6,6,70.28,68.73,9.72,89.3,29.01,91.97
2,2,2,20,56.77,16.45,65.16,57.42,20
2,2,3,38.17,60.99,39.58,70.85,40.99,28.59
6,4,7,72.68,100,39.44,87.32,34.93,100
5,4,4,91.69,92.55,16.62,100,82.81,70.77
3,5,4,10.42,61.83,0.28,8.31,19.72,36.98834061
7,6,6,80.23,100,0,100,100,57.31
3,5,5,61.41,14.37,23.8,28.73,61.97,55.77
2,3,3,61.41,71.13,58.17,50.99,34.23,82.39
4,4,5,78.97,35.65,24.65,63.23,78.69,76.32
6,6,7,80.99,81.41,91.13,100,31.13,90.85
5,6,6,71.41,81.97,55.63,71.41,78.31,93.66
5,6,6,60.66,100,22.88,92.32,57.68,91.38
7,7,7,100,100,0,100,100,100
6,7,6,77.65,68.77,70.77,81.38,82.81,85.96
2,1,1,29.51,100,0.29,100,79.37,58.74
5,5,5,77.81,38.69,26.56,68.24,60.35,69.79
2,3,5,59.6,81.95,29.23,57.59,35.82,42.98
6,6,6,68.13,71.73,88.58,79.71,79.82,77.19
2,3,3,49.3,60.99,8.59,60.7,40.14,60.85
1,1,1,20,90.99,9.58,81.69,9.01,19.44
6,7,7,67.18,15.77,17.46,56.2,78.45,20.28
3,2,2,39.26,60.46,0,79.37,8.31,67.62
3,2,5,60.7,65.07,8.87,60.22238215,29.44,60.85
6,6,6,89.97,77.94,74.5,100,100,100
3,1,2,28.17,13.66,9.15,39.58,40.56,14.79
2,1,2,20.97,28.39,14.84,17.74,23.55,21.61
3,2,3,40,49.45262459,32.11,70.99,45.35,37.04
5,4,6,37.9,100,34.13,71.42,85.14,88.55
5,5,4,65.81,100,58.94,66.03,79.89,100
2,2,2,19.01,82.25,0,30.28,9.3,19.72
4,4,4,28.17,100,30.42,29.72,60.56,82.11
2,1,1,10.77,23.53,0,0.45,15.25,29.4
1,1,2,0,100,0,0,0,0
3,3,5,39.86,71.13,19.44,72.82,60.85,80.7
3,2,2,16.62,100,26.36,79.08,26.07,86.82
4,3,3,60.28,70.56,28.87,59.72,54.51,70
6,6,6,100,76.22,77.08,76.5,61.6,100
2,5,5,36.77,64.52,59.35,67.42,44.84,42.58
6,5,5,89.4,66.19,29.51,90.54,73.64,79.37
3,4,5,6.3,74.79,0,0,4.01,0
6,6,6,85.48,55.48,7.74,57.74,48.06,68.71
3,5,4,82.9,76.45,20.97,79.03,38.39,87.74
5,5,5,72.92,84.18,79.78,77.52,76.22,81.31
6,3,5,69.03,95.48,57.42,89.03,84.19,100
5,4,5,29.01,18.59,0,9.01,18.73,29.01
5,6,4,75.64,34.67,19.2,30.09,39.26,71.63
5,4,4,68.19,30.09,9.46,78.8,55.3,80.8
3,5,5,17.74,66.45,8.71,34.52,63.23,92.26
6,6,6,84.41,87.12,81.69,67.8,82.03,79.66
1,6,6,25.07,0,0,8.73,50.99,8.73
1,2,1,3.55,55.48,0,0,2.9,7.42
5,4,7,85.1,71.76,78.26,70.93,91.35,80.98
4,4,4,100,100,0,60,60.14,60.56
2,2,2,61.41,61.41,20.14,67.04,19.3,75.07
5,4,5,72.39,73.06,34.59,66.85,70.65,83.92
5,3,3,60.99,100,29.15,91.83,60.85,100
3,5,4,34.23,60.7,18.73,69.86,59.86,60.14
7,7,7,100,100,6.77,100,100,100
5,6,5,79.66,73.35,8.31,60.46,79.94,89.68
7,7,7,100,100,0,100,100,100
5,5,5,78.17,60.14,1.97,54.93,78.03,81.97
5,4,5,35.68,63.8,8,83.25,70,79.86
1,1,2,0,100,0,0,0,0
6,6,6,88.06,100,74.84,100,100,98.06
6,2,2,70.2,59.02520325,19.48,60.46,70.49,59.31
2,2,5,59.15,63.38,50.14,63.1,51.97,68.59
5,4,2,60.8,55.59,64.6,66.15,60.66,61.64
5,4,5,59.6,50.72,0,79.37,100,74.79
3,5,5,65.63,39.86,29.44,80.85,70.85,60.7
4,1,4,34.65,70.7,23.52,59.58,66.2,65.07
6,5,5,56.06,70.99,50,80.7,39.72,86.34
5,3,3,80.98,52.66,0.45,79.83,51.17,51.01
5,7,6,29.86,34.08,17.89,92.25,71.13,81.27
3,3,3,22.9,54.19,23.55,51.94,48.71,41.61
4,5,6,50.99,60.99,19.58,82.39,85.49,71.83
1,1,1,0,48.39,0,0,71.29,0
2,2,5,17.1,0,1.29,26.13,10.32,18.06
1,1,1,0.15,4.73,6.1,4.27,13.72,6.25
7,7,7,100,89.68,28.08,100,89.4,100
4,2,4,61.13,39.58,0,71.27,50.85,62.39
3,4,5,40.42,2.54,0,25.21,3.24,24.08
6,6,6,100,64.47,64.76,87.11,62.75,83.67
3,2,4,10.14,50.99,0,30.42,19.58,29.58
2,5,3,79.66,0,17.19,58.74,69.63,70.49
5,3,5,38.73,59.52,28.63,19.09,68.89,56.82
5,2,3,15.76,89.11,59.03,79.66,27.22,77.36
5,5,5,40.65,56.45,23.55,57.74,57.1,60.32
5,3,5,64.31,30.2,55.29,90.98,93.33,71.37
5,5,5,91.94,56.77,23.87,87.74,86.45,85.81
1,1,1,0,13.24,0,0,9.15,29.15
3,6,3,78.31,20.28,15.21,71.38730108,74.37,79.15
3,3,5,66.34,67.75,0.85,56.9,62.25,38.73
4,5,5,62.39,79.58,60.7,65.63,94.93,85.21
7,6,7,86.2,71.97,19.01,100,76.76,90.14
2,5,5,19.44,0,0,9.15,9.44,19.44
4,3,3,50.14,23.38,0,14.23,16.48,45.07
5,6,6,31.27,61.13,70,29.58,93.8,70.14
2,4,5,65.63,43.8,63.38,29.15,81.27,73.24
2,3,3,60.39,72.65,30.96,72.08,69.83,82.79
3,5,5,71.13,62.82,24.93,79.15,61.69,100
3,3,6,9.17,42.69,2.01,58.74,36.68,24.07
6,4,6,38.4,39.83,38.4,60.46,57.88,29.51
5,4,3,34.96,70.77,61.03,64.76,9.17,63.9
3,6,5,82.23,87.68,9.46,79.94,85.1,100
5,7,5,90.42,62.11,80.56,64.65,69.86,91.27
1,1,1,0,100,0,22.92,0,53.58
2,2,2,20.97,100,25.81,29.68,43.87,80.65
5,3,4,40.99,50.99,0,70.14,81.83,61.55
5,7,7,86.25,67.05,81.66,73.64,84.81,100
2,2,2,0.14,100,0.14,0,0.14,24.51
2,2,2,0,14.35,0.79,0,16.16,29.83
2,4,3,22.64,79.94,7.74,47.28,79.08,24.07
3,6,5,59.2,25.53,25.65,73.35,43.05,64.01
6,2,2,52.58,52.26,22.58,52.58,52.58,78.71
1,4,2,19.35,5.16,9.03,4.52,42.58,25.81
6,4,5,69.86,100,80.7,100,100,100
5,5,7,59.35,70.97,21.61,70.65,83.55,60.65
3,6,6,20.14,94.23,9.15,100,81.13,81.27
5,5,5,75.49,61.55,29.72,60.14,62.68,87.75
6,4,5,50.7,100,10.14,91.83,39.86,71.41
5,3,5,43.24,50.99,25.63,75.49,61.27,75.77
5,5,5,59.29,83.09,18.76,79.34,68.92,92.17
2,3,3,80.14,69.3,18.73,60.56,20.85,60.7
5,4,4,80.16,100,0,89.75,64.22,100
6,5,6,60.05,75.78,6.15,57.74,17.92,62.82
3,5,6,50,35.21,19.44,63.8,69.58,64.93
5,5,5,81.95,100,71.06,76.79,37.82,75.36
4,5,5,49.86,50.14,50.14,50,49.72,49.3
3,3,5,28.45,80.42,38.31,79.72,67.89,90.99
5,4,6,59.61,31.66,45.66,59.49,72.5,59.45
5,6,6,83.87,100,74.19,83.23,36.77,79.35
2,3,5,13.8,29.44,0.14,64.93,59.72,65.35
6,5,7,85.63,71.13,0,60.28,70.56,94.23
5,2,2,35.5,63.89,0,29.1,79.63,72.09
5,4,6,60.14,29.44,28.31,60.99,59.58,80.42
3,3,5,28.45,70.42,7.32,71.69,50.06345841,58.31
6,6,6,77.32,85.92,49.58,100,61.97,100
4,5,6,71.55,50,8.45,60.42,71.27,61.55
3,3,5,60.56,37.75,30.78595001,92.68,60.7,63.1
5,4,4,68.39,85.81,0,77.42,52.58,76.13
6,6,6,95.99,70.2,43.74534546,82.23,77.04182361,100
5,5,5,50,57.74,63.87,60.65,66.45,62.9
6,7,7,80.99,91.69,19.72,91.27,19.72,100
3,5,5,60.85,65.21,0,3.1,59.44,66.62
5,4,4,76.2,60,24.93,77.46,70.56,81.13
3,6,6,76.77,69.68,41.61,100,67.1,81.61
4,2,4,8.88,59.31,0.29,69.05,1.15,27.79
2,5,4,68.39,18.02,34.3,67.39,60.19,43.96
3,4,3,31.55,72.39,1.27,69.44,61.83,67.04
5,5,5,60,63.1,56.9,80.42,36.62,59.72
1,1,5,19.15,100,0,69.01,9.72,70.99
5,4,5,76.45,60.65,56.13,43.55,71.61,74.84
7,7,7,88.73,80.99,50.99,60.42,81.69,91.41
1,1,1,0,71.83,0,18.31,9.15,19.44
5,3,5,33.8,24.08,13.52,24.08,81.13,34.51
4,5,5,40.14,70.14,39.3,90.85,71.13,100
5,4,5,70.56,60.14,40.7,70.42,71.41,71.27
5,6,6,67.1,100,13.87,80,52.58,77.74
2,2,2,20.06,56.45,0,72.21,18.62,22.64
3,2,2,59.72,68.03,21.27,56.76,37.18,60.42
5,5,5,68.71,54.19,26.45,54.52,60.97,79.35
5,5,5,39.58,70,0,70.99,56.0151918,66.96495106
5,5,5,82.52,87.11,31.52,75.36,39.54,91.98
5,4,4,71.07,94.44,17.26,69.16,64.81,68.13
2,4,2,29.72,70.85,40.42,61.97252942,59.3,75.21
5,4,4,27.79,100,29.51,70.49,28.08,55.3
5,6,6,60.46,79.66,4.87,83.09,28.65,83.38
6,7,6,80.99,100,26.62,85.77,95.07,93.52
5,5,5,100,100,89.11,100,91.4,100
2,2,3,68.87,64.51,10.14,52.54,75.92,100
2,1,3,12.54,70.14,0,33.94,0,18.31
5,2,4,88.25,74.79,36.39,77.65,31.52,92.26
2,4,5,29.3,60.99,0,29.72,39.58,61.55
4,4,4,94.93,86.9,72.39,89.72,69.43829232,92.96
5,5,5,63.44909895,62.17047494,29.90947028,68.27323984,56.90320094,69.10171991
7,5,7,48.59,88.72,67.32,79.96,98.48,91.71
5,5,5,91.13,62.54,30.85,11.69,77.46,100
4,5,4,66.62,71.97,36.34,61.83,60.85,76.76
1,1,1,9.15,18.87,0,9.3,0,9.15
5,2,6,60.42,91.41,0,100,65.49,60.85
2,2,2,43.94,82.54,60.7,79.58,35.63,83.52
3,5,3,53.09583795,81.97,90.42,71.97,27.18,60.85
6,5,6,96.2,81.55,8.59,92.96,72.11,81.41
5,6,6,66.48,62.39,87.18,68.87,38.73,78.03
5,6,5,80.8,18.91,13.75,61.89,68.77,61.6
7,7,7,100,100,0,100,100,100
4,6,4,38.87,64.37,39.72,78.03,49.01,59.3
6,4,6,81.69,71.41,37.04,86.62,70.42,93.24
3,5,5,28.59,71.97,13.38,45.49,52.25,100
6,6,7,70.42,71.97,22.68,82.11,80.28,100
6,6,6,90.83,100,86.53,100,100,100
3,3,3,91.13,68.31,70.42,80.85,89.44,100
5,3,3,83.87,64.84,14.52,70.97,70.32,77.42
6,7,7,50.72,1.72,0,74.5,93.12,34.67
3,5,5,74.84,60.65,22.26,73.23,73.23,87.74
2,1,1,8.87,39.72,0,8.73,0,8.73
5,3,3,38.87,40.28,9.15,59.44,39.86,59.86
2,2,4,46.35316379,59.03,43.84,72.21,41.55,100
4,3,2,6.77,0,0,0,0,7.74
3,3,5,60,62.39,39.44,43.1,24.79,77.32
5,2,2,60.7,71.27,9.01,70.56,30,80.85
7,7,7,99.15,80.85,99.86,100,91.41,100
5,3,6,70.99,9.01,0,34.93,84.37,98.45
5,4,6,65.35,97.75,49.86,83.8,28.03,65.63
4,5,6,80.99,62.54,12.54,80.85,100,40
2,2,4,11.55,76.2,5.92,56.34,46.76209795,56.06
5,7,7,71.55,81.27,19.58,92.82,72.36187676,81.13
5,5,5,39.72,96.2,0.99,66.06,76.2,90.7
4,6,6,80.7,100,100,100,71.55,100
7,7,7,79.58,78.17,33.24,73.24,80.85,76.2
4,5,3,54.93,75.92,0,34.23,64.51,84.93
1,1,1,10.42,70.99,0.42,19.01,0.14,8.73
3,2,2,28.73,19.3,0,19.3,18.87,39.72
5,7,5,29.44,70.7,48.73,41.27,91.27,91.83
6,5,6,86.06,60.14,60.7,80.99,70.56,100
6,4,5,74.37,8.31,9.15,36.76,29.3,69.58
2,2,2,18.59,100,43.8,39.44,64.08,100
5,5,5,64.93,60.56,57.75,75.49,71.13,69.3
5,6,6,90.26,58.45,41.55,91.12,69.91,96.56
4,3,2,28.17,63.38,25.07,64.79,38.59,62.25
1,1,1,20.06,69.91,0,25.21,35.53,39.26
2,4,2,16.06,0,0,9.72,15.21,10.42
6,5,4,39.72,77.46,39.86,100,70.85,70.56
1,1,1,10.28,20.28,19.86,0,0,8.87
5,5,5,69.72,80.28,18.17,64.23,77.04,84.93
2,1,5,100,94.08,64.65,95.35,52.68,100
5,2,5,44.65,43.52,23.24,66.62,51.31188441,57.46
4,2,2,52.68,75.35,28.03,69.86,30.14,60.7
2,2,6,50.42,39.01,39.44,70.7,39.58,49.86
5,5,4,52.9,32.53,43.04,46.44,57.72,57.17
4,5,5,62.11,61.13,9.15,74.08,32.82,71.97
2,2,2,27.52086992,53.80104304,15.10597501,54.30966892,47.4015367,51.20997091
2,2,3,16.13,0,0,67.74,37.1,57.74
7,1,7,100,0,0,100,100,100
3,3,3,20.42,29.01,0,12.39,29.15,39.72
4,3,3,21.97,50.99,0,61.97,21.13,30.85
2,2,2,0,100,0.32,18.06,68.71,78.71
4,4,4,46.7,47.56,0,50.43,0,46.42
5,4,6,70.42,61.13,0,71.13,57.18,87.04
5,6,6,27.89,100,10.99,80.99,86.9,98.31
5,3,5,81.13,50.28,60.56,65.35,80.99,86.76
3,2,2,60.28,20,40.56,63.94,64.23,42.82
2,2,3,37.61,68.73,54.51,63.66,69.86,44.51
3,7,3,59.44,91.41,59.44,27.46,60.14,60.28
7,5,7,91.83,29.86,0,80.85,80.7,100
3,4,5,47.32619077,70.14,0,30.28,30.42,70.85
3,3,2,59.31,30.66,38.4,68.48,37.82,68.48
3,4,4,0,13.38,9.44,61.41,26.48,14.79
5,6,5,74.08,61.41,0,72.71397546,61.20031501,81.18531765
4,4,4,56.45,90.54,24.64,48.14,67.62,60.74
4,6,5,21.83,23.1,0,35.49,63.8,65.77
7,7,7,100,77.61,29.72,95.77,70.56,100
6,2,7,78.31,100,9.72,100,50.99,100
3,3,3,60.7,59.3,61.69,64.08,73.66,78.03
4,3,3,60,29.72,40,91.41,30.28,60.56
7,5,6,71.41,60.7,70.99,59.15,81.27,60
1,2,2,39.86,60.56,0,34.23,66.34,13.52
3,3,5,19.3,19.44,0,39.58,8.59,29.58
7,2,5,100,100,28.99,91.52,89.83,100
5,5,5,69.03,74.19,34.52,71.61,81.61,70.97
4,5,5,61.28,80.63,41.51,85.58,62.04,90.21
7,6,7,70.56,100,0,100,100,100
2,2,2,0,0,0,8.59,3.8,9.58
6,5,6,59.31,42.98,45.56,78.22,57.31,63.61
1,1,1,13.18,84.81,4.87,70.77,39.83,13.18
5,5,5,39.01,83.1,24.65,58.87,50.99,55.49
5,3,3,64.47,27.79,12.32,62.75,64.76,64.47
6,5,6,41.94,72.26,0,80.32,28.71,62.9
3,5,5,68.24,71.01,19.97,95.04,18.88,76.41
3,1,1,39.44,82.11,0,100,50.28,70.99
2,2,3,71.06,22.64,30.09,65.04,61.6,70.77
5,5,5,80.52,40.4,13.47,38.11,69.34,71.35
4,4,4,59.15,61.41,28.03,50.99,50.99,75.92
5,4,2,67.62,68.77,28.08,47.28,42.41,59.03
7,6,7,83.87,82.26,7.42,89.03,65.16,100
4,4,4,62.68,59.86,37.61,39.58,56.2,68.59
4,3,3,50.43,69.91,37.25,57.31,85.39,69.05
4,3,2,71.22,41.46,51.54,59.16,44.38,60.07
6,5,6,85.67,82.23,81.95,100,49.86,99.14
6,6,7,77.61,62.82,78.73,100,65.92,100
7,5,6,89.29,81.68,58.11,87.38,65.03,82.86
3,2,2,26.13,7.74,27.1,78.71,26.77,26.13
3,1,3,0,39.71,0,0,17.99,18.8
6,6,6,85.48,70.97,47.74,75.81,77.74,80.97
2,2,5,68.71,26.77,6.13,90.97,10.32,86.13
3,3,2,32.95,67.34,28.82,38.44,75.22,83.57
4,2,5,39.35,84.19,12.9,65.48,14.19,35.16
6,7,6,87.97,56.16,31.23,85.67,74.79,83.38
7,7,7,100,100,100,100,100,100
3,5,4,62.75,70.2,0,100,46.99,60.17
2,2,2,5.69,66.23,0.74,0.21,49.8,93.96
4,5,3,44.93,60.42,0,54.93,8.45,60.28
2,5,5,17.1,66.45,14.19,34.84,78.71,86.77
4,1,2,37.54,100,0,61.03,60.46,65.62
2,2,3,44.08,40.7,0,60.56,69.72,30
5,4,4,100,90.83,100,100,100,86.53
1,1,1,28.06,8.71,17.42,48.39,6.13,47.1
5,4,6,75.93,59.03,5.16,38.4,26.65,94.56
2,1,1,11.76,67.84,0,65.88,100,99.61
2,2,2,100,68.71,12.58,70,28.39,38.39
7,7,7,100,100,87.39,100,100,100
5,4,5,28.53,8.69,16.01,48.04,16.18,28.04
2,4,2,0,100,5.35,28.73,50.42,59.72
5,6,5,68.77,100,90.26,68.19,49.28,100
3,6,6,62.41,38.29,22.07,63.11,61.75,56.48
5,4,5,46.9627187,73.87,22.58,79.68,37.34611778,46.77
6,7,6,79.08,19.77,17.48,67.91,50.43,79.94
5,4,5,75.92,66.34,50.99,80,66.48,75.92
5,4,4,56.73,95.42,48.14,74.5,37.34611778,36.96
3,3,3,37.54,43.27,7.16,18.05,33.81,32.66
5,4,6,81.94,75.81,4.19,56.77,21.61,36.45
6,4,3,75.07,59.6,79.94,88.83,80.8,69.91
6,6,6,77.74,100,19.03,81.94,65.16,100
7,7,7,81.15,70.33,70.33,91.31,91.64,84.1
5,5,7,70.42,79.86,29.15,86.76,68.31,100
5,5,5,91.98,48.42,14.33,89.11,67.05,68.48
2,4,3,49.44,37.75,31.83,47.18,37.18,74.51
2,4,2,49.44,7.04,8.31,67.04,24.93,32.39
7,7,7,78.71,38.06,37.1,85.48,88.71,100
1,3,1,74.52,62.17047494,27.29976124,72.53092474,80.32,75.48
5,4,7,72.39,89.86,70.42,99.15,75.77,71.97
5,6,6,71.61,60.97,17.74,63.87,68.71,86.13
5,3,2,71.06,89.68,58.45,69.91,20.34,67.34
5,5,6,68.19,51.29,35.82,87.39,62.76207484,63.04
3,3,3,24.07,68.19,0,63.9,0,51
1,1,1,1.43,28.08,0,69.63,0,24.93
5,5,5,35.07,100,14.51,87.46,81.13,91.55
5,5,5,59.72,92.54,19.15,80.7,30.42,69.58
6,6,5,69.34,0.29,0,68.77,0,75.07
5,5,5,71.94,70.97,42.26,57.74,77.74,86.13
2,2,2,22.58,9.03,25.16,4.19,29.68,16.45
2,2,3,56.73,58.17,37.25,62.46,52.15,49
6,5,3,18.34,52.72,53.01,52.72,52.72,39.26
1,1,6,1.41,26.8,0,0,4.61,11.28
4,5,5,39.3,100,66.2,60.14,70.99,64.08
5,4,6,96.28,88.25,32.38,88.83,87.97,100
3,4,4,36.62,86.48,30,71.27,44.79,74.79
3,3,4,29.15,26.9,43.24,100,42.82,37.61
3,6,6,73.8,88.03,66.06,83.94,36.06,72.11
2,2,3,48.07,58.23,31.84,58.35,41.96,51.64
5,6,6,70.42,81.55,54.08,66.34,51.97,100
6,5,5,67.75,81.97,8.45,82.54,29.58,80.99
2,2,2,63.15,31.45,0,80.98,0,73.16
5,6,6,70.99,81.13,60.14,80.7,70.42,79.72
2,2,2,44.37,38.59,45.63,49.44,43.52,70.56
2,2,3,58.06,68.71,0,59.03,60.32,58.71
5,5,6,9.58,100,0,100,70.42,80.56
5,3,6,57.04,40.56,5.07,35.92,40.7,65.49
6,4,6,81.09,18.34,6.59,51,26.93,88.83
6,6,6,42.26,78.71,0,61.61,79.35,84.19
1,2,2,2.54,0,0,0,0,1.69
2,2,1,39.44,49.58,19.15,70,100,94.79
2,2,2,10,61.69,8.87,18.03,70.42,90.7
2,2,5,20.86,92.86,0,81.14,100,82.16
3,3,4,29.72,62.25,19.01,44.08,44.23,60
6,7,7,82.37,77.86,75.75,76.03,94.76,100
2,2,1,57.31,20.92,1.15,72.78,35.24,30.37
1,2,1,7.45,100,12.89,100,0,100
5,3,5,39.86,91.13,8.73,39.58,70.7,50.28
1,1,6,48.17,31.27,10.28,22.11,10.14,34.93
2,2,2,0,77.77,0,78.02,77.4,11.57
5,5,3,70.85,70.56,29.01,71.27,100,71.55
3,3,3,59.72,70.7,19.01,90.85,28.87,70.42
5,6,6,61.41,0,34.88998118,60.85,81.83,82.39
5,3,3,63.47,5.08,14.95,65.59,28.77,73.77
7,7,7,90.26,90.26,8.6,100,63.61,95.99
6,6,6,90.65,79.35,49.35,78.39,69.03,100
5,6,6,89.03,72.26,71.29,78.71,80.32,83.87
4,3,3,29.01,60.99,18.59,18.87,45.49,65.77
5,5,6,62.82,91.69,18.73,68.31,66.76,71.69
5,4,5,68.87,63.8,65.21,83.66,71.69,79.72
5,5,5,72.39,71.41,0,70.42,21.41,79.58
5,2,5,80.65,74.19,0,27.42,43.87,70.32
2,2,3,54.51,60.28,14.08,81.13,48.71839489,54.23
1,2,2,0,78.17,0,17.89,70.99,29.01
3,3,5,28.73,21.41,29.58,72.39,30.14,61.69
6,6,6,28.65,90.54,26.36,90.26,76.5,100
2,4,2,28.39,7.74,9.35,27.42,69.35,48.71
1,1,1,34.51,96.62,0,47.89,28.31,67.89
2,1,2,47.56,11.17,0,80.23,85.39,74.79
4,4,4,39.26,64.18,6.88,68.77,69.91,95.42
6,5,7,82.54,60.85,23.52,40.85,60,83.94
1,2,2,33.1,19.44,0,75.21,22.54,29.3
3,4,5,61.69,63.24,28.31,92.25,80.7,80.99
4,4,6,70.82,56.03,29.69,82.08,71.52,96.59
6,2,6,71.55,81.55,9.29,66.34,19.72,61.13
3,5,5,57.22,72.82,56.08,60.8,86.98,81.12
5,6,6,2.9,23.23,0,30.97,74.19,72.9
7,2,7,100,39.44,0,82.25,8.45,91.27
5,5,5,54.15,63.32,33.81,55.01,48.71,70.77
6,4,6,69.86,80.28,9.58,72.11,81.41,82.11
4,4,4,63.52,60.7,28.59922243,67.75,53.94,84.51
6,6,6,60.65,100,0,100,77.1,54.19
7,7,7,100,100,64.65,100,73.1,100
5,2,1,57.51,63.89,0,68.67,78.14,78.63
2,2,2,35.24,72.78,0,73.07,0,46.99
5,2,6,50.71,0,0,71.81,30.17,74.08
5,2,2,1.94,100,7.42,70,34.52,82.9
5,5,5,70.85,81.83,39.3,80.7,69.3,90.7
5,4,5,86.45,21.61,6.77,53.55,17.42,61.94
2,1,2,9.15,65.49,0,49.86,55.35,29.3
3,3,5,19.01,80.7,29.44,91.27,60.28,81.27
2,6,6,34.84,85.81,8.39,26.13,55.16,63.55
5,2,3,8.87,0,0,29.86,0,19.44
7,7,7,100,100,73.55,100,84.19,100
5,6,6,40,50.42,71.41,92.11,80.28,77.61
6,4,2,70.08,59.24,0.77,73.47,54.27,68.94
3,2,5,43.789338,38.11,0,48.14,39.54,49.46606071
3,2,2,29.3,60.42,0,39.44,71.13,71.41
5,5,5,37.53,60.49,6.8,17.3,25.78,38.84
2,2,5,72.78,76.5,26.65,84.24,64.18,80.23
5,6,6,70.99,79.86,23.24,75.63,82.54,85.92
6,6,7,73.55,82.9,5.81,70.65,60.97,59.03
6,6,6,70.7,96.06,61.27,95.77,81.41,100
2,4,3,0,50.14,0,60.7,81.13,0
6,6,6,68.06,100,0,68.39,9.68,100
5,2,3,69.35,71.29,80.65,30,94.52,79.35
2,2,2,67.91,55.3,0,47.56,38.97,70.49
6,7,6,15.21,61.97,37.46,34.37,27.32,68.59
2,2,2,69.03,91.61,0,97.74,26.77,39.68
6,6,6,49,100,20.92,100,63.32,73.93
5,5,4,66.13,90.97,25.81,97.1,42.26,75.81
7,2,7,90.28,76.48,0,100,19.86,0
1,4,5,4.08,65.21,0,23.1,22.11,34.23
1,1,1,0,0,0,0,0,0
5,3,6,63.9,60.34,31.86,68.14,58.39,73.9
5,1,2,0,0.29,0,79.66,28.94,78.8
5,2,4,23.98,54.37,0,48.94,75.67,44
7,5,7,61.41,100,9.3,70.42,81.55,66.06
5,6,4,50.99,80.99,0,70.56,59.86,70.99
3,6,6,72.68,11.27,6.62,6.2,75.35,80.28
6,5,6,60.65,85.48,51.61,81.29,86.77,71.29
3,3,3,2.9,2.58,0.32,4.84,0,2.26
5,2,3,79.94,79.37,0,100,48.42,100
2,1,2,3.24,8.32,0,29.9,28.63,28.91
5,4,4,70.85,29.58,8.45,81.27,64.93,60.28
4,4,4,38.06,59.68,0,75.81,16.77,73.23
2,5,7,8.88,100,9.17,61.32,29.51,52.15
6,5,6,80.97,66.77,21.94,52.9,66.77,91.94
4,2,3,38.11,26.93,10.32,54.73,41.83,73.93
6,5,7,80.42,70,29.01,100,85.63,100
5,5,5,69.05,91.69,53.87,80.52,32.38,83.95
7,7,7,89.15,66.76,72.96,80.85,91.83,99.01
3,5,5,60,37.46,60.28,60.14,61.13,61.69
7,7,7,100,100,60.7,100,100,100
2,5,3,59.68,22.26,19.68,61.61,59.35,50.65
7,1,1,100,83.38,83.67,81.38,71.63,81.09
1,1,1,23.97,0,0,17.62,17.56,9.88
2,2,2,8.88,49.57,18.62,79.94,0,68.48
3,5,3,31.13,59.86,0,70.28,82.54,63.52
5,5,7,71.27,80.85,57.04,70.42,65.92,72.39
4,5,7,70.14,100,19.15,69.3,81.13,70.42
3,5,3,69.3,62.96,92.11,69.01,60.99,60.85
2,2,2,10.7,59.3,0,34.37,14.79,65.07
2,3,3,19.35,73.23,0,59.35,0,55.48
4,4,6,61.41,87.61,4.93,79.15,52.25,53.1
3,2,2,9.38,5.54,0,38.55,30.08,10.32
3,4,4,19.15,49.72,0,70,80.56,74.51
3,2,1,40,60.99,29.44,60.85,45.21,39.86
4,4,4,29.86,29.44,19.58,70.7,50,80.7
7,5,6,100,100,0,100,19.86,100
5,6,7,43.52,42.25,26.76,62.68,80.99,94.37
3,3,3,25.48,61.29,0,31.29,48.55788733,56.77
7,7,7,27.62,71.81,39.33,87.62,89.2,94.32
5,5,5,88.94,34.5,1.31,85.87,63.53,85.43
3,5,4,69.35,63.87,0,82.58,36.45,85.16
5,3,7,57.18,25.77,59.01,60.56,36.9,61.13
2,2,6,27.15,0,0,9.04,0,8.1
1,3,2,2.11,60.14,0,0,3.52,0
3,3,4,71.83,60.14,75.35,79.86,70.7,76.06
5,5,6,85.16,48.06,10.32,77.1,79.68,79.35
5,6,6,46.2,100,38.87,59.86,83.24,61.69
6,5,6,21.61,100,0.32,11.94,36.45,20.97
2,2,2,77.74,67.74,16.77,13.55,37.1,56.13
4,4,2,19.03,71.29,11.61,39.68,47.74,40.32
5,4,5,76.5,50.72,65.04,79.08,42.41,68.48
2,2,2,18.87,20,0,31.13,7.04,19.72
1,1,1,13.75,6.88,0,20.06,55.01,12.89
6,7,7,63.52,60.85,30.56,72.54,57.18,91.55
3,6,5,51.83,29.86,25.35,73.24,57.04,66.76
2,3,2,0,91.97,0,18.87,44.23,80.42
6,6,6,59.31,32.48,21.27,71.15,81.11,81.95
3,3,2,30.7,62.54,18.87,71.69,20.7,40
3,3,2,71.13,100,0,60.7,19.58,60.99
2,2,3,33.55,75.16,8.39,79.03,81.94,100
5,7,6,75.64,87.68,71.06,100,95.42,100
3,3,3,70.7,60.85,9.58,61.41,61.27,77.18
6,6,7,100,100,77.94,100,80.52,100
5,5,5,59.6,62.18,32.09,85.39,39.26,84.81
5,3,6,38.11,86.82,0,10.89,72.21,89.68
4,4,4,87.89,59.01,74.79,93.24,67.89,82.39
3,3,3,0,0,0,8.87,0,0
5,4,5,30,86.62,11.13,63.38,63.38,70.99
6,7,7,89.4,89.11,17.48,79.08,83.95,79.08
6,6,6,87.89,83.52,78.31,68.17,93.8,87.46
5,1,1,20.65,10.65,100,8.06,17.74,14.52
5,5,5,74.19,73.55,0,79.68,60.32,68.06
2,2,2,9.54,7.62,9.51,9.68,5.09,9.95
5,6,7,81.13,90.85,29.01,100,81.27,82.39
2,2,3,41.83,67.05,14.9,35.82,35.53,40.69
3,3,3,60.56,60.56,0,71.41,61.13,62.39
3,5,5,41.02,13.76,0,24.01,37.32,43.29
5,5,5,59.03,72.21,53.58,81.38,48.14,87.97
5,7,6,38.06,16.77,28.06,64.19,35.48,70.32
7,7,7,70.65,100,25.81,100,99.68,100
6,5,5,72.58,100,62.58,83.23,44.19,100
2,2,2,26.14,77.92,0.23,29.37,23.36,57.6
2,2,3,19.3,29.72,0,4.08,9.15,19.15
5,4,4,10.85,41.97,1.27,56.34,28.73,22.82
5,4,6,52.44,90.83,6.02,52.44,52.44,82.81
5,6,6,18.05,75.07,8.6,76.5,20.92,67.62
2,2,2,9.01,9.3,9.15,9.01,9.01,19.86
6,7,6,83.56,100,32.33,88.47,100,66.42
2,4,4,27.74,50.65,4.19,50,39.68,50
2,3,3,18.91,46.13,0,6.88,2.01,28.37
5,3,5,54.23,76.2,81.55,80.99,49.15,76.62
3,7,6,61.41,8.73,44.93,55.35,87.04,89.01
2,3,2,40.42,0,0,70.85,18.73,39.72
4,5,6,72.14,97.5,31.63,80.49,82.9,73.46
3,5,5,28.71,70.32,24.84,60.97,28.39,79.35
5,5,5,49.41,100,18.04,38.82,77.25,91.37
3,2,3,91.9,91.38,93.93,93.34,33.21,74.74
2,2,2,39.44,70.42,8.87,50.28,70.56,60.85
7,7,7,90.14,10.56,0,92.11,71.27,100
5,3,5,60.42,60.42,9.01,39.3,29.3,39.3
5,5,6,55.78,100,39.43,62.37,29.44,61.73
4,3,3,26.45,48.39,38.39,79.35,18.71,58.39
5,6,6,71.35,90.54,63.04,100,62.46,100
2,2,2,25.79647881,46.39011552,15.10597501,50.03856811,45.61485751,51.20997091
3,3,3,90.42,94.37,0,71.27,70.42,83.1
5,4,4,56.65,54.55,0,63.11,58.42,61.14
5,4,3,27.1,69.35,0,60.32,38.06,60.32
3,3,2,73.94,60.42,35.92,70.85,54.23,80.56
5,6,6,58.39,60,66.77,88.71,87.42,100
2,3,2,49.72,0,0,87.89,64.93,66.34
6,6,7,51.29,74.84,19.68,80.97,79.03,76.13
3,3,3,38.97,79.37,14.04,80.8,27.79,87.97
7,6,7,97.61,51.97,71.83,89.01,71.41,95.63
5,3,5,40.69,79.66,29.23,65.33,40.11,65.04
2,3,6,64.36,74.01,58.53,70.82,86.19,18.35
2,1,1,29.03,74.52,0,30.65,15.48,22.26
5,5,6,78.22,63.41,41.38,66.38,69.21,76.52
3,3,3,68.45,62.68,17.89,98.45,30.42,64.65
7,7,7,100,100,0,100,100,100
5,5,5,29.72,75.77,0,60,70.7,60.7
5,5,5,27.74,80,27.74,82.58,52.9,81.61
4,2,2,12.03,28.81,48.47,92.46,87.97,38.64
5,5,3,70.77,69.34,48.14,68.19,100,48.71
1,5,5,14.23,65.35,0,0,4.23,45.21
3,5,5,29.15,29.44,3.8,19.01,49.58,29.3
5,3,4,55.63,60.56,0.14,57.04,63.1,60.99
2,2,1,40,12.58,24.84,31.61,55.48,78.71
1,1,1,0.32,0,0,1.61,0,0.32
1,1,1,0,56.16,0,0,0,0
6,6,6,80.85,59.86,8.59,80.99,80.56,100
3,5,5,75.35,100,19.44,67.32,20.7,71.13
5,2,3,67.91,63.28,13.79,53.67,18.08,58.31
6,5,6,83.23,100,33.87,81.61,100,100
5,5,5,88.39,94.19,60.32,83.87,100,100
6,6,6,68.06,68.71,48.39,79.68,70.97,79.68
2,2,1,31.23,49.45262459,36.68,72.49,42.98,40.4
5,4,5,60.14,0,0,60,60.14,59.72
5,2,2,78.8,94.56,5.16,95.99,39.26,68.77
5,2,5,94.84,0,0,73.64,58.45,74.21
3,2,2,47.42,73.55,0,29.03,31.61,27.42
2,2,2,49.44,80.42,0,51.97,6.34,70.7
6,5,5,64.18,76.5,5.16,32.09,76.79,100
4,5,6,62.39,60.85,61.55,65.07,63.24,69.01
2,2,2,9.44,91.41,14.65,57.18,65.77,70.28
2,2,3,37.54,33.81,18.91,38.97,60.46,78.51
6,6,6,79.86,30.14,15.07,70,9.72,85.49
3,2,5,78.59,65.07,30.56,65.49,74.93,78.31
3,3,5,5.35,100,11.83,59.86,25.07,10.28
5,4,3,63.23,0.32,4.84,68.06,30.97,36.45
6,6,6,60.28,80.7,30.7,50.99,61.41,71.13
5,5,6,49.72,36.77,0,37,0,32.64
5,6,6,65.35,81.83,57.04,88.03,72.11,94.23
3,3,3,38.71,69.03,0,77.74,47.42,58.39
3,3,4,38.59,50.99,4.51,50.28,19.01,26.48
7,6,7,100,43.37,6.19,100,91.4,90.69
2,2,5,29.58,0,0,19.86,9.44,8.59
7,6,7,71.13,62.25,29.44,81.97,71.27,100
2,2,2,33.81,76.5,0.86,26.36,27.51,30.95
3,3,3,15.47,35.82,0,7.45,69.05,31.23
5,5,5,29.72,100,9.15,81.55,25.77,60
6,5,6,74.06,91.66,34.34,86.17,72.37,83.07
5,2,5,80.7,12.25,24.37,68.45,71.27,64.08
5,2,5,90.56,22.54,0,76.34,91.27,95.92
3,2,6,71.64,52.38,40.06,28.67,71.74,96.58
2,5,4,0,68.24,0,16.47,56.08,36.08
4,5,6,60.56,91.27,5.92,85.63,51.69,81.13
6,5,5,77.11,75.61,69.85,83.42,69.44,100
6,5,6,80.8,95.7,10.89,89.4,89.11,97.13
2,1,2,59.44,71.69,90.14,70.7,34.65,76.9
3,5,5,69.03,79.03,59.03,68.39,69.35,69.35
2,2,2,29.86,11.97,0.14,4.51,0,1.13
5,3,3,30,30,3.8,3.94,16.62,19.72
2,4,5,43.64961661,92.11,7.46,87.04,76.48,70.85
3,5,3,71.27,54.37,0,71.83,67.46,92.54
7,7,7,100,100,100,100,100,100
3,2,3,35.21,71.69,10.7,74.93,19.01,22.68
6,7,6,91.41,69.15,5.92,91.97,77.89,90.85
3,3,2,50.7,31.55,6.34,43.1,21.69,38.03
5,5,5,60.52,65.99,33.72,62.82,68.3,58.5
3,5,3,62.11,80.99,0,80.56,70.56,50
5,4,5,75.36,19.2,41.26,43.55,30.09,92.84
5,5,5,71.69,71.27,34.93,63.66,60.99,70.42
4,1,6,39.58,29.15,0,70.85,70.7,39.58
6,6,6,75.81,81.94,49.03,100,74.19,90.65
6,4,5,67.42,40,38.71,66.13,31.94,68.06
5,5,5,61.47,64.14,9.96,63.81,50.39,81.1
6,4,4,67.05,89.97,2.87,98.57,78.22,84.53
5,6,6,69.27,72.77,14.82,68.35,70.83,73.54
5,4,5,39.54,68.77,0,67.91,63.32,63.61
4,2,2,46.2,24.08,34.93,54.79,62.68,44.65
3,4,3,50.99,60.85,71.69,71.27,60.56,50.99
2,2,2,6.48,48.59,5.21,46.2,33.1,20.85
3,3,3,24.37,66.48,0,65.49,61.41,77.75
5,4,5,70.2,85.96,0,60.46,60.74,80.23
5,5,5,79.58,64.79,42.39,77.46,65.63,83.24
7,3,7,100,82.68,0,71.41,62.39,100
5,4,3,60.7,39.72,39.72,70.42,28.87,60
1,1,1,31.27,0,0,50.99,9.3,27.46
3,5,6,91.27,59.3,36.9,69.3,69.3,82.68
5,4,4,83.24,28.45,4.51,71.41,61.83,84.37
4,5,4,8.59,80.14,28.87,71.13,69.01,63.24
6,7,6,82.54,49.58,34.51,66.2,66.62,87.04
5,5,7,78.87,12.96,1.55,62.39,30.99,81.27
4,3,3,58.74,94.84,38.97,68.77,55.3,84.81
6,6,6,91.27,53.94,0,66.76,100,86.48
7,7,7,100,70.77,100,100,90.54,100
3,3,2,29.44,29.72,0,80.42,20,20
5,5,5,76.62,99.72,31.13,73.24,76.48,82.11
4,4,4,33.87,79.68,77.1,100,63.87,94.84
3,3,3,22.39,63.38,37.89,71.41,29.72,10.99
2,5,5,58.17,69.91,0,40.11,38.97,72.49
3,2,4,62.9,72.9,74.84,100,81.94,66.13
5,5,5,81.09,79.66,69.91,100,96.85,100
5,4,5,50,25.07,20,75.49,66.06,65.77
5,4,3,72.82,62.39,31.13,60.56,28.73,73.1
2,2,2,0,61.27,8.73,29.3,9.3,60.85
4,4,4,24.23,18.73,30.14,8.59,0,10.42
5,3,4,16.76,71.83,9.44,57.32,19.44,49.15
2,1,2,80.85,39.86,8.87,60.28,29.58,71.27
5,5,5,60.85,70.56,0,19.44,90.99,74.08
2,5,5,32.09,85.1,32.95,71.92,74.79,96.56
5,4,3,70,88.06,51.29,79.03,68.06,90
5,2,5,36.77,37.1,21.94,78.39,58.39,73.87
3,5,6,75.77,65.77,13.52,86.76,81.13,86.2
3,3,6,39.58,39.72,0,18.87,18.03,60.42
5,6,7,69.91,93.12,0,71.06,77.36,93.12
7,6,7,100,100,31.97,100,100,100
5,4,5,40.42,54.93,0,39.86,50.85,58.31
7,5,7,39.58,90.14,30.28,60.14,92.11,100
5,2,2,23.52,5.63,4.08,26.06,3.66,48.45
1,2,2,48.14,38.4,0,29.23,25.79,58.45
6,6,6,70.99,50.99,0.14,71.27,82.39,100
5,4,6,69.72,70.42,32.11,89.58,81.41,81.55
5,4,4,81.41,50.99,39.44,72.82,81.55,92.82
2,2,2,19.3,9.3,0,8.31,18.87,19.3
5,5,5,100,100,0,100,15.49,100
2,2,2,22.97,91.42,0,89.16,55.35,23.55
5,4,5,91.69,80.99,20.14,69.58,31.13,67.61
5,6,2,39.26,89.68,0,70.2,15.76,90.83
5,4,4,74.52,73.87,29.20607652,74.84,58.71,79.03
7,4,4,100,100,100,100,100,100
3,2,2,35.82,62.75,56.16,40.97,42.41,44.41
7,7,7,100,67.1,67.74,90.97,100,87.42
5,5,5,61.19,10.34,57.63,70.68,60.59,90.34
5,4,5,91.69,85.77,0,80.85,50.28,80.85
2,3,2,65.24,15.55,2.47,76.83,30.49,33.84
6,5,6,54.19,57.74,47.74,73.87,77.1,74.19
4,3,3,45.35,63.94,0.14,76.34,56.76,88.45
3,2,2,48.06,59.68,0,57.42,0,32.58
2,2,2,61.13,34.51,37.61,70.85,57.32,60.99
2,6,5,25.47,50.50157896,0,48.29396969,51.70186387,56.8538443
3,3,3,49.28,51,59.89,44.7,48.71,50.43
4,2,6,27.79,90.54,27.51,49.28,64.76,100
4,4,4,18.17,70.7,0,50.56,60.56,81.13
3,3,5,5.77,30.85,6.9,82.82,19.72,89.72
6,7,7,100,33.87,29.35,91.29,68.71,100
6,6,6,61.97,70.99,19.44,70.14,50.85,20
6,2,5,37.25,83.95,0.29,65.04,80.23,100
5,6,6,73.94,70.14,90.85,63.52,64.23,80.7
3,3,2,58.31,25.21,37.46,60.56,25.35,62.96
5,5,5,75.92,73.24,34.51,77.46,91.55,100
3,5,3,100,100,24.52,100,80.97,100
3,3,1,65.9,93.7,62.18,61.6,79.08,100
6,6,6,72.8,7.39,7.68,100,20.13,70.58
5,3,5,55.77,50.99,23.24,70.14,50.99,73.8
7,7,7,50.99,50.99,50.99,50.99,50.99,50.99
5,6,6,70.32,70.65,5.81,63.23,81.94,100
2,2,2,12.58,42.9,46.45,55.81,27.42,25.16
2,2,2,49.86,76.22,22.06,60.74,66.19,71.06
1,1,1,0,0.86,0,0,100,0.86
3,1,2,21.75,0,0,17.25,0.3,12.05
5,5,5,67.62,37.82,34.67,100,80.23,67.62
2,2,2,24.23,29.58,5.21,44.79,65.49,55.21
1,1,1,8.31,49.58,0,50,0,49.86
2,2,5,49.35,28.06,4.84,69.68,50.97,60
3,2,1,63.52,83.38,18.87,75.35,28.31,65.35
3,5,4,35.24,38.11,59.89,65.04,65.04,78.51
2,2,3,61.94,70,63.55,77.42,66.77,78.39
5,3,5,38.25,70.23,0.66,59.04,7.33,46.03
5,5,6,92.58,89.03,77.1,66.45,80,90.32
5,6,5,85.69,80.97,32.62,81.4,75.54,80.4
1,1,1,8.88,12.32,0,19.2,48.42,3.72
2,2,2,89.5,100,0,25.14,71.55,100
2,2,2,26.06,75.49,4.93,95.77,84.37,83.94
7,6,6,100,100,58.37,100,49.38,100
5,5,5,55.21,40.85,27.18,100,75.92,79.15
4,3,5,38.33,59.94,69.74,69.45,68.88,83.29
3,2,2,32.95,100,0,62.46,75.07,100
7,7,7,60.28,39.86,0,100,100,70.42
5,5,5,91.69,61.41,61.83,80.99,60.85,81.41
2,5,5,39.72,28.17,0,29.01,10.28,24.51
5,5,5,55.81,57.74,5.81,29.68,52.9,60.65
4,3,3,60.14,60.56,39.72,60.56,71.13,85.63
6,6,6,40.11,100,90.83,100,73.67190284,93.98
6,6,6,60.17,49.86,0,36.68,79.08,90.54
5,4,3,70.56,50.28,19.15,50.42,70.14,70.28
4,5,5,46.29697254,53.52,8.45,60.28,56.0151918,70.56
1,1,1,16.48,52.68,8.45,67.89,20,23.94
1,1,3,24.78,0,0.29,59,48.36,47.84
6,2,6,100,89.97,59.03,73.07,71.92,86.53
2,1,2,17.1,63.87,59.68,47.1,20.97,49.03
3,3,5,70.7,53.52,19.01,70.99,60.85,80.7
3,4,3,49.57,61.32,8.88,49.28,96.85,49.28
4,4,4,28.03,0,0,28.03,0,28.59
7,5,5,66.77,100,75.48,100,66.77,100
6,2,1,25.07,81.13,0,0.7,48.73,81.13
4,5,4,26.64,35.95,6.57,20.59,28.41,42.71
3,3,2,59.35,24.84,50,83.55,50,79.03
3,5,5,4.08,70.85,0,40.14,40.28,19.3
2,1,1,49.86,59.01,18.31,70.28,50.7,39.01
3,3,6,63.04,69.91,59.6,81.66,40.4,89.97
5,6,6,4.19,92.58,6.13,13.23,60.65,66.13
4,4,5,29.3,39.58,39.3,38.87,29.01,39.44
6,6,6,100,100,60.32,100,80.32,100
3,1,3,100,88.25,100,100,100,100
5,3,3,47.56,91.4,59.03,50.72,81.38,91.69
7,7,6,85.81,95.16,29.03,78.39,79.03,92.58
6,4,5,69.63,67.91,0,68.48,61.32,74.21
3,2,4,17.48,74.5,1.15,61.89,10.89,21.2
2,1,1,24.65,0,40.14,35.07,14.93,23.66
5,3,6,50,100,18.06,89.68,36.77,79.35
6,6,6,55.77,70.7,64.93,60,100,87.18
2,2,2,13.28,17.78,0,11.7,7.09,5.59
2,2,2,0,59.92,0,0,0,0
5,5,6,59.31,58.45,7.45,53.3,28.37,68.19
3,2,2,19.44,74.08,51.13,55.92,31.27,51.13
6,6,7,89.35,87.42,79.68,82.26,88.06,100
2,1,3,39.58,0,0,59.86,0,18.73
5,4,3,70.7,54.79,33.8,81.41,69.01,49.58
2,2,2,47.85,73.64,0,64.76,55.87,42.12
5,2,3,74.37,29.15,0,81.69,9.86,74.93
2,2,2,16.98,16.87,0,6.91,15.63,7.35
1,1,1,8.39,69.03,0,69.35,40.32,64.52
6,5,3,95.21,18.73,59.72,85.63,28.73,80.85
5,6,6,78.71,76.13,6.45,58.39,37.42,90.65
1,1,1,19.15,100,3.38,14.37,20.14,44.23
6,5,5,85.1,60.74,78.51,100,63.61,92.26
3,2,5,70,53.94,19.15,60.85,50.28,52.11
3,3,4,48.42,100,0,19.2,70.49,47.85
3,5,5,29.44,9.58,0,51.13,0,30
1,2,5,18.14,60.57,76.57,56.86,49.86,71.29
3,3,3,39.03,69.35,89.35,74.19,63.55,64.19
2,2,5,52.44,69.05,2.87,49.28,60.46,36.96
3,4,2,26.06,12.54,12.96,28.73,12.11,26.62
2,2,2,0,61.55,0,65.07,0,50.14
3,3,3,60.85,79.72,0,28.59,60.42,70.99
5,5,6,65.35,100,9.86,100,30.56,89.58
6,5,5,73.87,78.71,0.32,80.32,83.23,80.32
5,6,6,27.51,33.52,31.52,41.83,72.21,61.6
4,5,4,33.24,0.14,15.72319884,39.01,28.87,30.56
5,5,5,42.71414021,47.98412932,0,29.15,0,51.07225647
5,6,5,71.35,51,23.78,73.64,57.59,76.5
6,3,6,82.25,79.15,81.13,90.85,30.14,90.99
5,5,5,29.58,44.93,35.63,81.41,40.14,45.21
5,1,5,38.87,18.17,63.1,70.99,46.76,60.56
2,3,4,40.28,76.2,0.56,39.86,40.56,60.28
2,5,3,16.91,93.98,27.22,62.75,28.37,69.05
2,2,2,65.49,67.75,60.14,58.31,58.17,61.41
4,4,5,70.42,60.42,9.01,100,70.7,100
3,3,3,49.86,49.86,0,0,0,91.27
3,4,2,59.35,100,0,58.39,27.74,46.77
5,5,6,71.41,60.99,4.51,69.86,50.85,68.31
6,5,6,76.06,70.99,19.01,91.27,75.77,80.85
5,4,5,70.97,58.39,33.55,69.35,57.42,59.68
1,1,1,8.87,19.44,0,40.28,40.42,0
3,4,5,66.48,68.48,39.26,69.91,89.68,69.63
5,3,3,60.7,55.21,50.56,64.23,56.76,50.28
5,2,3,39.83,18.62,1.72,30.66,35.24,41.26
3,2,1,71.13,68.87,0.14,70.85,66.2,75.07
4,2,3,74.08,76.62,14.51,100,53.1,87.46
2,1,2,61.21,90.71,100,20.21,28.32,60.91
5,5,5,61.69,80.85,24.79,80.56,58.03,73.38
6,6,6,71.13,48.87,33.94,82.39,48.87,80.56
5,5,6,39.01,80.99,71.41,67.89,59.44,81.27
2,2,2,0,100,0,15.48,0,0
3,3,3,28.87,50.14,0,19.44,49.86,29.3
2,2,2,0,19.72,9.29,17.32,26.48,50.42
6,5,6,74.52,86.13,32.26,82.58,77.1,67.74
5,6,6,52.39,70.42,18.31,70.7,60.99,61.69
7,7,7,100,100,37.89,29.58,81.69,100
3,3,3,24.51,66.62,0,9.44,78.31,50.42
3,4,4,0,77.1,36.13,78.71,49.35,84.84
4,2,2,70.28,100,0,100,34.65,100
5,2,3,49.72,60.7,60,60.14,57.75,61.13
3,3,3,21.61,31.61,3.55,55.48,16.45,39.03
2,2,2,38.71,29.68,9.35,16.45,69.03,26.77
1,1,1,1.83,4.79,0.14,1.27,0.14,0.7
6,5,5,62.4,100,18.31,62.89,57.32,100
5,6,6,100,100,72.49,100,100,100
5,6,6,80.93,57.65,12.38,85.86,67.64,89.88
4,2,2,51.58,50.72,48.14,62.75,49.57,48.14
5,6,6,69.39968464,86.13,28.06,61.61,78.71,87.1
7,7,7,74.23,81.27,0.14,78.17,72.11,83.8
5,5,5,80.28,80.7,8.87,91.97,50.99,70.7
4,5,4,34.96,64.18,0,71.06,54.50962072,61.89
7,7,7,100,100,52.25,82.53,56.62,84.93
6,5,6,83.38,56.9,25.77,91.55,71.55,100
5,6,6,91.69,92.26,23.21,88.54,70.49,81.38
2,1,1,32.94,100,96.4,43.96,88.35,100
4,4,2,49.86,0,0,28.73,29.3,20.14
3,6,5,0,78.19,0,29.15,30.17,0
6,4,4,81.97,60.56,30.28,60.85,69.58,82.11
2,5,3,78.87,33.38,0,77.75,71.27,82.54
6,6,6,34.48,93.63,21.8,93.92,82.65,89.13
3,6,4,18.73,100,0,43.85581925,28.73,47.1164509
3,3,3,49.03,78.39,0,50,49.68,48.71
3,3,3,39.01,85.21,0,71.41,66.48,51.13
2,3,5,7.19,28.04,65.45,26.87,10.14,26.7
3,2,2,14.08,13.38,0,13.52,91.41,10.28
5,3,5,60.56,82.11,0,50.42,50.56,59.86
7,6,6,100,82.39,72.11,81.55,91.55,91.97
5,2,5,43.87,90.97,34.19,89.68,81.94,80
3,3,4,78.87,86.76,28.73,91.55,71.13,80.99
2,1,1,39.54,78.22,26.07,57.02,6.88,22.92
3,2,3,8.87,0.85,3.52,4.23,9.86,8.87
5,3,3,88.17,80.7,72.82,86.62,58.87,95.49
3,2,2,7.45,24.64,0,80.52,69.91,58.74
6,6,7,68.3,100,46.39303672,100,100,100
5,3,6,53.66,36.62,9.72,54.37,32.54,29.3
3,3,3,49.86,69.91,10.32,79.37,50.72,51.29
1,1,1,19.01,100,0,9.15,60.42,100
6,6,7,75.63,100,29.01,76.9,71.13,90.99
6,6,6,100,69.63,36.39,100,57.59,100
2,2,2,61.69,60.56,9.86,81.13,70.14,80.99
5,7,5,22.9,61.29,78.06,89.35,82.26,52.9
1,1,1,16.77,61.61,0,0.32,0.32,2.26
5,3,3,34.67,80.23,0.29,53.09329729,50.10611486,62.75
3,1,1,47.42,69.03,0,7.74,68.39,71.94
3,3,4,58.71,42.58,27.74,63.87,46.45,77.42
5,2,2,39.58,70.56,0,70.56,49.86,28.73
3,3,5,54.76,12.08,0,31.1,33.49,71.1
3,3,5,63.9,63.61,27.79,84.81,67.62,68.77
5,4,6,49,100,2.58,69.05,49,57.59
4,5,6,81.55,58.73,2.54,70.85,50.14,49.44
1,2,2,0,0,14.65,29.01,25.35,19.15
4,5,5,38.68,69.34,28.08,69.63,39.26,39.54
3,5,5,67.74,32.26,36.77,72.53092474,67.74,77.42
4,4,4,29.6,50.73,31.19,24.07,23.62,30.96
3,5,2,34.19,17.1,10.97,42.26,62.58,61.29
5,3,4,100,100,12.9,82.26,73.23,91.29
7,7,7,60.32,62.26,0,90.97,52.26,90.97
4,4,4,63.66,88.87,54.79,75.92,53.94,65.35
5,5,5,55.77,54.51,55.63,61.97,53.94,65.07
3,4,5,27.22,18.05,7.16,59.6,62.18,69.63
5,2,3,19.15,90,81.13,76.48,70.99,21.13
3,1,2,4.19,69.35,0,2.58,32.26,90.97
3,3,3,64.18,71.06,46.7,77.08,52.72,55.01
1,2,3,34.51,14.79,0,61.27,21.69,20.42
4,4,4,50.28,58.87,39.15,50.99,38.87,60.85
5,6,6,69.86,0,0,60.85,63.38,70.7
3,2,2,71.13,19.44,19.58,81.41,19.01,70.85
6,5,5,91.12,71.06,31.23,79.37,61.32,78.8
7,4,4,100,80.28,0,60.56,81.55,100
2,2,3,30,29.58,9.3,18.59,39.72,29.44
5,3,5,61.06,61.1306441,20.44,64.77850695,59.07,69.38
3,3,2,31.66,93.25,0,17.17,79.42,90.94
2,1,1,9.3,6.06,0,13.94,8.59,10.28
1,1,1,13.94,20.99,4.37,13.52,10.7,17.89
5,4,5,38.11,62.17047494,39.83,66.98629651,60.17,78.8
1,2,2,30,19.3,0,9.15,60.85,19.15
5,3,5,86.13,60.97,27.1,90.32,8.06,79.68
1,5,1,29.21,71.73,0,20.43,51.11,40.06
5,3,2,38.31,84.08,0,56.2,60.56,63.94
1,2,1,17.1,100,27.74,79.35,19.68,35.81
6,5,5,82.26,60,37.74,73.87,72.58,91.61
7,2,7,100,78.59,0,100,100,93.66
3,5,3,20.85,61.69,10,71.27,71.13,61.69
3,4,3,4.31,32.55,15.69,38.04,36.86,38.04
5,5,4,14.9,53.3,0,22.06,50.72,36.96
4,2,5,28.08,87.39,26.93,52.57755354,73.64,39.83
2,2,3,29.86,75.63,19.15,60.42,39.86,85.77
2,2,3,9.44,71.41,0,19.44,49.72,39.86
3,2,5,19.01,92.54,69.86,26.2,65.35,80.42
5,4,5,69.58,70.42,38.03,85.92,60.99,88.59
2,2,2,38.97,73.07,18.91,64.47,70.77,17.48
4,4,4,55.44,36.43,5.3,23.47,67.98,61.5
4,4,3,47.37483924,30.42,23.54859377,60.42,52.50573941,61.13
4,4,5,63.94,55.63,30.14,66.34,60.42,60.7
6,6,6,96.76,97.46,19.44,97.46,96.06,97.04
5,5,5,91.69,61.89,62.46,74.5,37.82,78.22
5,6,6,60.85,90.99,3.52,90.28,70.7,80.7
5,5,6,100,81.27,63.94,100,94.23,92.54
2,4,5,30.14,82.67,37.32,74.36,78.45,70.98
5,6,6,57.59,100,3.72,98.57,4.01,87.68
4,3,2,22.68,0,0,0.85,25.77,20.56
5,5,5,8.71,90,0,15.16,52.58,76.45
1,1,1,0,100,0,0,100,9.3
5,5,6,55.49,76.34,0.42,76.34,65.21,80.7
3,2,2,0,67.91,0,53.58,52.15,30.95
5,4,4,40.14,80.56,42.82,62.82,58.73,70.85
5,5,5,37.1,78.71,27.74,37.42,52.58,66.77
7,6,6,70.65,93.23,27.1,83.55,95.81,92.9
4,4,4,47.18,54.08,22.06533804,53.52,29.58,50.64516688
3,5,5,39.28,7.33,55.21,69.33,62.91,58.75
5,5,5,30.99,70.28,0.14,50.42,61.13,71.27
5,4,5,67.92,58.77,1.35,77.54,58.58529305,78.39
2,1,2,25.92,66.62,57.32,86.06,37.32,69.15
2,2,1,0,0,0,17.77,24.64,7.16
5,5,5,74.52,86.45,5.81,85.16,63.87,79.03
5,3,5,40,35.48,0,60.97,17.1,48.06
2,2,3,34.37,70.42,17.75,69.44,61.69,69.58
5,3,5,66.99,69.32,55.71,81.15,51.08,78.27
2,2,2,28.73,29.86,19.15,18.87,29.86,30
5,5,5,27.42,69.03,15.16,77.74,64.19,78.39
6,5,5,61.83,19.86,0,61.69,60.56,71.69
4,5,3,38.73,60.42,63.38,67.18,49.44,60.14
3,3,2,19.15,11.97,0,29.58,31.13,60.85
3,3,7,60.85,28.73,40,81.55,50.7,81.41
3,5,5,66.13,66.13,61.29,65.16,77.1,74.52
5,4,4,53.01,77.94,80.8,83.09,58.17,68.19
3,4,6,29.44,60.21883837,0,70.7,39.44,60.28
6,5,5,81.94,76.77,81.29,83.23,80.65,96.77
2,4,2,38.97,12.89,0,13.75,10.89,30.66
5,3,3,81.41,28.87,28.87,60,15.63,65.21
6,5,5,72.58,91.29,68.71,74.19,78.39,90.32
5,2,2,58.74,44.99,54.15,32.38,22.35,16.33
1,1,1,7.1,81.29,0.32,82.9,85.48,87.74
3,7,5,0,84.42,63.19,66.85,43.41,59.05
6,5,5,29.3,100,0.14,71.83,7.75,91.83
5,5,5,66.19,76.22,27.22,72.49,63.9,89.97
1,1,1,0,0,0,0,0,0
4,4,4,35.73344216,54.07512953,1.36,26.08,23.8,45.00659032
3,3,3,55.21,59.86,74.23,64.51,58.03,60.14
3,1,3,18.87,9.3,5.63,0.14,10,35.49
1,2,2,8.73,80.85,8.31,29.86,70.85,39.3
4,3,4,74.37,64.79,35.77,60.28,58.87,73.66
3,4,3,50.99,49.58,20,29.01,60,60
5,7,7,49.58,61.41,82.96,93.1,80.7,81.13
1,1,2,3.8,81.97,66.34,81.13,65.49,34.93
2,5,5,23.94,49.72,0,29.58,64.93,75.49
5,4,5,30.42,93.1,82.11,40.14,70.28,61.55
2,4,3,16.45,72.9,0,50.97,48.39,39.03
6,3,3,47.04,30.85,10,78.87,7.75,43.8
5,7,7,81.27,69.86,18.73,74.93,70.56,87.89
6,5,5,87.1,64.84,70.97,86.77,67.42,87.42
2,7,6,30.32,100,17.42,76.45,85.16,78.71
2,4,2,37.79,94.18,56.44,57.63,68.11,80.81
1,1,1,0,100,0,11.94,10.97,16.77
5,5,5,79.68,37.74,15.16,74.52,49.03,66.77
4,4,3,62.26,62.9,48.06,96.77,75.16,83.87
2,1,2,4.79,91.41,20.56,26.9,17.75,63.66
5,5,3,62.54,60.85,17.89,70.99,61.83,90.28
5,6,5,28.85,91.1,24.06,18.56,75.04,70.68
6,6,7,60.28,30.42,30.56,81.55,70.7,81.55
7,7,7,81.27,52.68,28.87,60.56,100,100
1,1,2,9.15,59.15,32.11,62.82,46.76209795,56.34
3,3,3,17.25,85.32,17.74,61.3,53.26,61.65
4,2,5,60.28,81.55,0.14,40.56,53.74812109,69.00202235
2,2,2,57.1,74.19,32.58,68.39,66.77,62.26
1,1,1,5.16,59.31,0,0,37.82,14.04
3,3,3,18.45,100,0,70.56,20.85,29.01
2,4,6,19.44,90.56,29.15,18.87,10.42,71.27
2,5,3,24.99,90.86,13.87,97.94,40.3,100
1,1,1,0,0,0,18.73,0,8.31
5,5,5,38.87,90.7,28.03,93.52,33.66,90
4,4,4,39.72,29.44,29.3,19.01,19.86,29.44
7,6,7,71.13,91.41,43.24,59.15,80.14,81.41
6,6,5,73.07,86.53,49,86.25,83.95,80.8
3,4,3,45.16,55.16,15.16,78.06,36.45,53.87
5,4,5,75.77,51.41,24.79,76.2,79.01,70.14
3,2,2,8.59,29.15,0,9.15,18.45,30.42
4,3,4,29.01,59.86,0,60.99,17.18,77.04
4,3,3,33.84,57.01,77.74,72.26,36.89,43.85
4,3,6,39.72,81.83,60.14,60.42,76.06,70.28
2,2,6,4.93,100,70.7,80.99,50.28,100
5,5,6,9.3,80.7,0,60.56,29.44,70.56
5,2,2,47.1,60.97,10,10.32,45.81,46.77
5,4,4,42.65,61.96,25.36,63.4,59.65,64.84
1,2,2,29.3,29.44,0,60.7,50.56,71.69
3,2,2,47.1,63.87,13.55,61.94,33.87,58.71
2,2,2,66.13,77.1,34.52,68.06,35.16,77.1
2,1,1,16.13,73.87,76.77,89.68,73.23,86.45
3,3,3,29.44,70,0,49.58,100,100
2,2,3,8.03,9.3,0,8.03,8.45,9.01
2,1,2,5.92,100,7.89,4.37,7.04,92.11
3,4,3,45.49378967,70.36,25.37007077,65.82,52.50573941,66
2,3,1,31.71492593,81.13,11.83,62.54,70.28,40.14
6,4,4,26.48,100,0.55,85.83,100,100
2,2,3,28.87,75.77,17.07531082,60.14,65.21,91.69
3,3,5,39.58,67.61,18.73,86.34,76.76,90
2,4,4,37.61,58.31,9.01,58.31,47.18,36.2
2,2,2,13.9,67.53,0,25.08,21.8,68.96
2,2,3,57.31,53.87,47.56,49.57,47.56,59.6
3,3,3,70.42,71.97,70.42,60.99,70.42,69.58
7,2,7,83.1,89.58,71.27,91.41,90,93.94
3,2,2,9.01,19.72,4.37,44.79,41.83,34.08
5,5,6,69.35,69.68,21.94,100,29.68,95.48
5,5,5,75,78.42,4.79,73.63,1.71,92.47
2,2,2,17.65,88.27,11.46,79.78,15.23,16.98
5,5,5,54.68,99.4,9.97,65.56,39.27,72.21
6,6,5,60.62,86.3,50.34,100,72.95,72.6
5,5,5,100,100,80.86,100,59.16,100
3,4,3,15.23,81.67,0,57.14,30.32,60.92
5,3,5,77.64,62.54,19.03,68.28,45.92,70.69
4,4,4,86.79,90.97,27.22,84.77,89.62,90.16
2,2,2,84.89,28.1,12.99,100,62.54,93.05
5,5,4,0,79.78,33.83,29.51,0,93.67
5,5,5,60.78,68.6,20.22,71.83,81,50.13
5,6,6,100,100,13.61,100,81.27,100
3,2,3,39.76,39.62,8.63,60.51,33.96,71.16
3,3,3,65.9,68.46,60.78,71.97,29.78,81.67
6,3,5,29.51,19.14,18.19,29.11,59.84,50
3,1,1,23.26,0,2.42,15.11,0,14.5
6,5,5,50,29.51,0,50,29.65,81.13
1,2,1,17.81,0,20.21,0,0,13.01
2,3,5,60.78,81.4,0,29.51,70.75,65.77
5,5,4,74.8,61.32,4.72,71.16,61.86,54.72
3,3,2,67.12,71.02,43.53,67.65,48.38,63.34
5,6,6,100,100,9.43,96.77,72.37,86.39
5,2,3,80.73,74.8,36.70718276,100,47.84,86.52
7,3,4,82.78,65.26,0,60.42,40.79,67.07
4,4,3,40.57,61.46,8.89,50.27,40.7,50.67
6,6,6,65.77,70.35,14.56,26.28,69.14,80.05
2,2,2,81.81,81.67,4.99,60.38,71.56,81.94
2,2,2,20.62,92.32,61.05,100,50,71.43
2,1,2,29.92,91.51,0,49.87,28.71,60.65
3,5,4,89.49,100,2.56,100,77.76,90.84
7,7,7,95.77,92.15,59.82,75.23,100,96.07
4,3,5,41.11,95.96,42.05,24.39,44.47,61.73
1,1,1,30.46,81.94,0,47.57,20.22,41.11
5,5,5,22.51,97.17,14.82,83.42,24.53,77.22
2,3,3,31.13,100,0,100,60.78,73.45
4,1,2,27.48,100,0,82.45,50.07,60.14
2,4,5,67.52,24.12,0,66.44,12.8,23.72
3,2,2,37.76,77.64,47.73,72.51,25.68,37.76
5,4,5,38.36,100,0,82.19,0,62.33
6,1,6,63.88,81.13,0,100,51.35,100
1,2,4,95.96,65.36,76.15,84.77,71.16,93.4
2,2,2,68.84,20.21,0,58.56,32.88,70.89
1,3,1,0,0,0,50.54,9.03,8.63
5,3,7,100,77.4,3.77,66.78,80.48,91.44
5,3,4,43.67,100,28.71,73.32,59.84,38.54
5,3,3,69.68,76.28,38.81,66.85,74.12,79.38
7,5,5,81.4,8.76,19.54,89.35,31.27,69.41
5,5,5,63.34,70.75,12.67,77.22,26.01,71.56
5,3,3,61.05,60.92,40.16,81.67,61.32,71.16
4,2,2,0,0,0,0,81.4,9.57
6,4,3,70.89,0,29.25,81.67,30.46,39.35
5,5,6,84.5,86.52,12.8,70.62,29.11,66.58
3,2,2,51.75,58.76,7.14,49.33,64.82,61.99
5,3,2,65.63,82.48,39.76,71.56,61.32,76.82
2,2,2,0,85.04,0,70.62,70.89,87.6
3,2,2,27.4,23.29,0,71.92,75.34,25.34
3,6,5,79.92,100,24.26,76.15,15.36,90.7
4,2,4,48.39103439,69.79,7.55,67.67,17.82,88.82
3,2,1,0,91.1,29.11,100,22.6,100
3,4,2,39.35,27.9,59.7,63.61,36.66,38.01
5,5,5,25.68,100,4.83,95.47,62.54,29
3,4,2,40.43,28.03,36.39,31,38.01,27.22
5,3,5,60.34762829,62.17047494,27.1163521,64.77850695,53.74812109,67.64313294
6,4,6,60.65,71.16,9.43,41.51,91.11,93.13
3,1,1,40.08,81.65,0,60.73,35.63,39.81
2,3,2,33.9,57.19,23.63,33.56,37.34611778,44.86
5,3,4,59.97,61.46,61.73,68.33,28.3,58.89
5,4,6,40.48,58.31,66.47,70.09,5.14,59.52
3,3,2,10.27,82.48,0,0,37.76,66.16
3,1,2,30.19,81.54,0,61.05,0,19.54
7,4,4,75.88,87.2,79.78,96.77,73.05,76.01
2,2,4,53.64,55.66,65.77,56.2,30.05,44.2
5,3,5,60.78,71.83,0,78.17,19.41,70.22
5,2,6,48.52,50,9.97,81.67,59.10790824,73.72
5,5,6,19.41,90.16,0,62.13,50.81,54.58
3,1,3,8.76,61.63,0,0,31.72,22.66
1,1,1,1.75,2.02,0,8.89,0,2.7
5,3,3,71.02,50,0,60.65,71.56,70.89
7,4,7,100,100,0,100,92.72,100
5,5,5,69.49,93.35,31.12,84.89,31.12,61.63
6,5,5,70.62,81.54,0,50.13,71.29,80.46
1,2,2,0,2.72,6.34,15.41,15.41,7.25
2,2,3,36.39,69.14,52.29,55.53,85.58,36.25
3,5,3,35.05,82.78,50.15,71.3,50.15,66.77
2,6,6,8.36,72.1,0,81.13,50.54,70.75
1,1,7,0,0,0,0,0,0
4,2,2,50,50,18.73,50,50,50
5,6,6,100,100,24.93,76.15,91.91,100
6,6,6,63.29,78.9,13.08,70.89,24.89,70.46
6,6,6,100,81.4,71.97,71.29,70.89,81.54
5,3,3,50,50,50,50,50,48.79
5,6,6,82.21,67.12,66.31,92.32,35.04,77.63
4,3,3,69.54,41.37,35.71,56.2,56.87,84.91
6,4,3,40.16,84.37,22.51,81.27,30.19,70.62
4,2,1,31.16,19.18,0,18.15,29.11,31.41107039
2,2,2,20.22,72.24,2.56,54.74467766,14.96,61.86
4,3,3,53.78,72.21,0,79.76,12.08,41.39
6,6,4,82.61,100,60.92,80.86,80.86,100
4,5,6,50,60.24,22.48996395,64.77850695,62.26298809,68.73209053
3,1,1,45.02,67.67,83.08,25.08,39.58,54.38
4,2,2,81,40.03,29.25,29.11,50,60.38
5,6,4,71.97,81.67,33.69,60.38,30.73,40.03
5,7,7,84.77,83.29,64.69,67.52,63.21,60.51
3,3,3,61.03,52.27,28.4,69.79,49.85,28.7
2,2,2,47.71,11.73,0,35.85,70.22,13.21
2,2,2,40.3,68.06,20.35,56.06,41.51,64.69
2,2,2,29.65,11.05,0,61.19,30.05,16.04
4,4,4,50,89.76,29.51,100,26.42,56.6
2,2,2,19,66.31,0,48.25,85.31,68.06
5,4,5,60.78,100,72.78,71.56,30.19,52.29
5,5,5,19.68,100,0,87.87,26.55,51.48
6,4,6,41.09,77.34,10.88,64.05,27.49,29
4,5,3,60.92,60.11,29.25,65.9,39.08,81
5,3,5,72.15,95.78,0,100,82.28,78.06
1,1,3,64.95,30.51,0,80.06,30.21,36.86
3,3,2,62.84,59.52,38.97,82.18,73.72,74.62
1,3,3,7.41,92.45,0,56.6,23.85,28.44
1,1,1,0,65.77,4.04,6.33,59.43,22.37
3,6,6,48,83.14,30.43,27.71,81.57,80.86
4,3,5,31.29,91.43,4.43,15.29,14.86,16.71
5,4,7,100,84.53,28.94,80.23,72.21,90.26
3,3,3,51.43,79.71,59.29,59.57,69.86,80.57
6,7,7,74,99.29,100,99.14,86.71,100
4,5,3,19.35,38.71,20.65,68.71,65.16,24.19
5,3,6,19.71,100,29.86,90.57,50.71,70.29
5,6,6,56.57,34.14,28.87710754,62.14,61.57,77
4,6,4,12.89,100,17.32,90.58,19.43,88.25
6,6,7,80.43,65.71,70.29,83.29,70.57,93.29
5,5,5,77.08,67.62,19.48,71.06,18.34,82.52
5,4,4,38.21,60.96,64.26,69.74,54.07277672,58.18
5,6,5,100,71.14,18.86,69.86,79.86,100
1,2,1,19.71,80.71,49.71,30,50,19.71
1,1,1,0,50.71,0,0,60.43,40.14
3,3,3,46.13,38.39,28.06,67.1,66.45,61.29
2,2,2,4.19,66.77,0,37.42,75.48,86.77
2,2,3,14.43,60,29.57,70.29,29.71,46.14
1,1,1,8,81.86,0.43,30.43,0.14,21.29
3,3,3,20.63,45.56,18.62,60.17,89.4,60.46
3,3,3,28.43,43.57,31.43,19.14,30.29,32.71
4,4,3,32.95,49.57,100,80.23,50.14,69.63
3,2,2,31.85,6.94,38.34,48.2,37.34611778,32.38
6,6,6,100,80.97,40.65,100,90.97,100
5,6,5,67.42,49.35,0,70.32,77.74,74.84
5,5,3,93.12,78.8,16.62,100,96.28,87.39
1,3,2,2.29,60.86,19.14,9,39.71,3.43
2,2,2,18.05,77.65,0,89.4,58.74,80.8
5,6,6,48.42,69.63,4.58,58.74,59.89,64.18
2,6,5,0,100,0,60.97,70.32,100
2,1,2,5.05,34.1,20.55,21.75,0,16.62
3,4,4,52.72,27.51,3.44,70.2,12.32,88.54
2,2,2,8.38,39.29,18.29,0,9.12,0
1,1,1,1.29,18,4,41.43,25.43,22.14
2,2,1,10,0,9.57,9.71,10,0
7,7,7,100,61.6,80.52,100,100,100
2,1,1,5.05,61.36,16.11,8.58,42.64,16.52
2,2,2,41.65,61.47,30.57,80.42,11.03,56.81
6,7,5,80.57,75.14,60.29,66,60,90.71
5,6,6,90.97,71.54,72.26,91.69,98.97,89.83
7,7,7,92.83,74.22,22.41,75.61,100,100
3,4,4,60,40.29,15.14,31.14,60.14,55.86
3,3,2,69.68,47.1,59.68,66.13,7.1,76.13
3,6,6,37.42,67.1,15.48,72.26,26.13,39.68
1,2,2,0,81.22,0,11.05,37.75,0
5,3,5,70.17,82.71,74.24,53.22,80.34,100
2,2,2,0,28.71,0,30.97,0,23.87
4,7,4,20.57,93.43,0.57,11.86,4.86,31.29
2,5,2,20.32,0.65,0,49.35,9.03,52.58
5,6,6,30.57,41.57,10,74.86,70.86,64.29
6,5,5,50.57,100,19,100,100,100
3,1,2,19.86,49.57,49.86,19.57,25,29.57
4,4,4,50.71,50.71,8.71,99.29,50.71,98.86
7,7,7,100,100,0,100,100,100
3,2,2,69.71,6.71,64.86,39.43,0,6.86
3,2,3,31.29,81.94,76.45,33.55,71.29,70.32
2,2,2,30.29,20.29,20.29,40.71,30.86,30
4,4,4,25.71,50.71,19.57,53.29,35.14,54.86
5,3,6,81.29,90.97,54.84,71.94,91.29,83.23
7,4,5,74.19,0,6.45,100,49.35,100
6,5,5,69.63,26.65,58.17,79.37,64.47,78.8
6,7,6,71.57,45.86,62,100,75.14,83.86
3,2,3,70.63,59.19,38.36,70.87,27.96,70.69
1,1,1,20.86,19.57,40,0,10.57,10.71
1,1,2,0,100,0,30.14,59.86,80.57
5,3,3,61.03,91.4,75.93,87.97,94.56,90.54
2,5,5,10.86,30.14,0,39,24.86,39.43
6,6,6,40,70,4.14,71.43,60.43,86.29
6,7,7,50.43,91.14,0,30,20.43,90.43
2,2,2,15.57,100,6,68.57,74.29,100
4,6,5,52.9,100,0,70.97,64.84,62.58
2,2,5,30.36,65.5,5.96,85.3,41.77,86.85
2,2,2,57.29,55.71,31.14,66.43,59.14,84.57
5,6,6,33.03,53.14,73.12,64.88,70.37,68.11
4,4,4,4.99,68.32,0,37.44,0,32.9
1,2,5,0,30.14,0,0,9.86,9.29
5,4,5,60.86,60.14,20,60.57,90.29,60.29
4,4,4,61,80.29,19.86,54.86,40.86,60.86
5,5,6,70.57,100,9.71,40.29,80.57,70.43
3,2,2,9.43,20.86,0,10,8.86,0
4,2,5,39.86,72.57,60.86,95.86,64.43,87.57
5,3,2,40.43,79.86,81,80.29,30.29,60.86
3,3,4,13.47,45.85,0,22.64,18.05,56.45
5,6,6,80,60.86,31.71,70.71,56,80.14
2,5,4,49.71,19.71,0,0,40,60.57
3,3,3,59.43,33.43,0,76.86,36.14,64
5,4,5,50.14,100,0,76.86,79.43,77.57
5,5,5,31,61.29,10,29.57,100,75.86
3,2,4,51.29,81.86,0,61.29,61,65.14
5,6,6,50.57,100,18.57,92,71.43,77
6,4,3,49.75,39.62,47.88,71,65.98,89.77
4,3,5,26.78,100,0,0,57.97,79.66
1,2,3,14.43,85.86,0,13.71,75.43,30.14
3,3,4,72.9,43.14,17.78,79.76,57.41,69.02
1,1,1,37.25,14.9,0,36.86,24.71,27.45
1,1,1,0,29.57,3.71,0,0,0
